"gene_a","gene_b","fr_label","sl_label","source_GI_flag","PC9_GI_flag","HeLa_GI_flag","PC9_GI_score","PC9_GI_fdr","HeLa_GI_score","HeLa_GI_fdr","fr_call","sl_call","error"
"A2M","PZP","FR_negative","False","neither","neither_in_PC9","neither_in_HeLa",0.264312561218585,0.13880937463561,-0.154320155933442,0.42461214771291,"Not Functionally Redundant","Not Synthetic Lethal",NA
"AADACL3","AADACL4","FR_negative","False","neither","neither_in_PC9","neither_in_HeLa",-0.000281169312975115,0.992872661801687,0.120862217638421,0.433194476219268,"Not Functionally Redundant","Not Synthetic Lethal",NA
"ABCD1","ABCD2","FR_negative","False","neither","neither_in_PC9","neither_in_HeLa",-0.0648796963276878,0.703550439590503,0.113190311137065,0.550577870822662,"Not Functionally Redundant","Not Synthetic Lethal",NA
"ABI1","ABI2","FR_negative","False","neither","neither_in_PC9","neither_in_HeLa",0.0326751251579477,0.940889181334354,-0.160787555485494,0.462959701563501,"Not Functionally Redundant","Not Synthetic Lethal",NA
"ACACA","ACACB","FR_negative","True","synthetic_lethal","neither_in_PC9","SL_in_HeLa",-0.27455029404072,0.474586437664527,-0.590222529983459,0.0332791875500847,"Not Functionally Redundant","Not Synthetic Lethal",NA
"ACO1","IREB2","FR_negative","True","synthetic_lethal","SL_in_PC9","SL_in_HeLa",-0.701400687770477,0.0136097027522501,-0.708303270253948,0.00204101347317298,"Not Functionally Redundant","Synthetic Lethal (moderate)",NA
"ACSL3","ACSL4","FR_negative","True","synthetic_lethal","SL_in_PC9","neither_in_HeLa",-1.04431786643056,0.0903251792404103,-0.558266037182725,0.120798541259436,"Not Functionally Redundant","Not Synthetic Lethal",NA
"ACTA2","ACTG2","FR_positive","False","buffering","buffering_in_PC9","neither_in_HeLa",0.486583980935501,0.0664027683200892,-0.0385528325841813,0.812416118580615,"Not Functionally Redundant","Not Synthetic Lethal",NA
"ACTL6A","ACTL6B","FR_positive","False","buffering","buffering_in_PC9","neither_in_HeLa",0.728780438457897,0.0296995238942616,-0.388876992424971,0.0334716379659348,"Not Functionally Redundant","Not Synthetic Lethal",NA
"ACTRT1","ACTRT2","FR_negative","False","neither","neither_in_PC9","neither_in_HeLa",-0.0633229148889614,0.735278443552018,-0.102563235572284,0.411595028340047,"Not Functionally Redundant","Synthetic Lethal (moderate)",NA
"ADCY5","ADCY6","FR_negative","True","synthetic_lethal","neither_in_PC9","SL_in_HeLa",-0.0640409091362132,0.826291913324493,-0.505576316661208,0.0771275629256564,"Not Functionally Redundant","Not Synthetic Lethal",NA
"AGR2","AGR3","FR_negative","False","neither","neither_in_PC9","neither_in_HeLa",0.0758858427900798,0.767584511722897,0.118895392817849,0.650824112601837,NA,NA,"Data coverage gap: AGR3 is present in the CRISPR dependency data, but missing from the mutation data. This means mutation- and/or expression-based loss can't be computed for this gene, so any SL/FR result involving it would silently look like 'zero mutations / insufficient data' rather than a genuine negative. Check the exact gene symbol used in your OmicsSomaticMutationsMatrixDamaging.csv and OmicsExpressionTPMLogp1... column headers (naming/alias mismatches are the most common cause), or this gene may simply not be covered by that particular DepMap release."
"AK3","AK4","FR_negative","False","neither","neither_in_PC9","neither_in_HeLa",0.499504140352995,0.147051699149722,-0.0229250669827855,0.926559385403665,"Not Functionally Redundant","Not Synthetic Lethal",NA
"AKIRIN1","AKIRIN2","FR_negative","True","synthetic_lethal","SL_in_PC9","SL_in_HeLa",-1.00662537279486,0.00569710470314616,-0.610420180736048,0.0463729894372626,"Not Functionally Redundant","Synthetic Lethal (moderate)",NA
"AKR7A2","AKR7A3","FR_negative","False","neither","neither_in_PC9","neither_in_HeLa",0.161708339788935,0.161750025308605,-0.0685767378842049,0.394061401786033,"Not Functionally Redundant","Not Synthetic Lethal",NA
"ALDH1L1","ALDH1L2","FR_negative","False","neither","neither_in_PC9","neither_in_HeLa",0.0369097170899606,0.890324819070324,-0.130160221497799,0.375169803681849,"Functional Redundancy (moderate)","Not Synthetic Lethal",NA
"ALOX12","ALOX15","FR_negative","False","neither","neither_in_PC9","neither_in_HeLa",0.0709105776777259,0.703957092646719,-0.11197235799399,0.518650911221546,"Not Functionally Redundant","Not Synthetic Lethal",NA
"AMPD1","AMPD3","FR_negative","False","neither","neither_in_PC9","neither_in_HeLa",-0.369514236020395,0.213183516851236,-0.0163127003679743,0.923054288303797,"Borderline FR","Not Synthetic Lethal",NA
"ANGPTL1","ANGPTL2","FR_negative","False","neither","neither_in_PC9","neither_in_HeLa",-0.147861381335954,0.251430800213633,-0.105628723951416,0.551262458231494,"Not Functionally Redundant","Not Synthetic Lethal",NA
"ANO3","ANO4","FR_negative","False","neither","neither_in_PC9","neither_in_HeLa",-0.000568518235407544,0.992872661801687,-0.0776713672404098,0.43786680998684,"Not Functionally Redundant","Not Synthetic Lethal",NA
"AP1B1","AP2B1","FR_negative","True","synthetic_lethal","SL_in_PC9","neither_in_HeLa",-0.809113267264542,0.00429876433221743,-0.38510135113962,0.265241657108343,"Functional Redundancy (moderate)","Synthetic Lethal (moderate)",NA
"AP2A1","AP2A2","FR_negative","True","synthetic_lethal","SL_in_PC9","SL_in_HeLa",-0.978456633785354,0.00327791815640032,-0.935470130547187,0.000765001533544676,"Functional Redundancy","Synthetic Lethal",NA
"AP3B1","AP3B2","FR_negative","False","neither","neither_in_PC9","neither_in_HeLa",-0.18644324063087,0.480276611030704,0.0478558949181577,0.650158425269792,"Not Functionally Redundant","Not Synthetic Lethal",NA
"AQP12A","AQP12B","FR_positive","False","buffering","buffering_in_PC9","neither_in_HeLa",0.312067956751344,0.009042223736678,0.104411295846622,0.562758264562851,NA,NA,"Gene 'AQP12A' not found in the loaded dependency data."
"ARFGEF1","ARFGEF2","FR_negative","True","synthetic_lethal","SL_in_PC9","SL_in_HeLa",-0.902706314774432,0.0142128189945872,-0.880733690076326,0.00478622497736652,"Not Functionally Redundant","Not Synthetic Lethal",NA
"ARG1","ARG2","FR_negative","True","synthetic_lethal","SL_in_PC9","neither_in_HeLa",-0.527964066361007,0.0280291785984897,-0.148270008681804,0.510040965628859,NA,NA,"Data coverage gap: ARG2 is present in the CRISPR dependency data, but missing from the mutation data. This means mutation- and/or expression-based loss can't be computed for this gene, so any SL/FR result involving it would silently look like 'zero mutations / insufficient data' rather than a genuine negative. Check the exact gene symbol used in your OmicsSomaticMutationsMatrixDamaging.csv and OmicsExpressionTPMLogp1... column headers (naming/alias mismatches are the most common cause), or this gene may simply not be covered by that particular DepMap release."
"ARHGEF6","ARHGEF7","FR_negative","False","neither","neither_in_PC9","neither_in_HeLa",0.483418234889984,0.236288263485817,-0.134407368217551,0.488166344758778,"Not Functionally Redundant","Not Synthetic Lethal",NA
"ARID1A","ARID1B","FR_negative","True","synthetic_lethal","SL_in_PC9","neither_in_HeLa",-0.51227794934852,0.0608657179801657,-0.294519226261315,0.0570309231259684,"Not Functionally Redundant","Not Synthetic Lethal",NA
"ARL8A","ARL8B","FR_negative","True","synthetic_lethal","SL_in_PC9","neither_in_HeLa",-0.64381725166942,0.00433035182926545,-0.204870701145738,0.587050855710298,NA,NA,"Data coverage gap: ARL8B is present in the CRISPR dependency data, but missing from the mutation data. This means mutation- and/or expression-based loss can't be computed for this gene, so any SL/FR result involving it would silently look like 'zero mutations / insufficient data' rather than a genuine negative. Check the exact gene symbol used in your OmicsSomaticMutationsMatrixDamaging.csv and OmicsExpressionTPMLogp1... column headers (naming/alias mismatches are the most common cause), or this gene may simply not be covered by that particular DepMap release."
"ARNT","ARNT2","FR_negative","False","neither","neither_in_PC9","neither_in_HeLa",-0.191923442961539,0.331465384938238,0.00537083751527631,0.974004868577215,"Not Functionally Redundant","Not Synthetic Lethal",NA
"ARPC1A","ARPC1B","FR_negative","True","synthetic_lethal","SL_in_PC9","neither_in_HeLa",-0.616737094581439,0.0073615516915253,-0.204519033327782,0.281336555992899,"Borderline FR","Synthetic Lethal (moderate)",NA
"ARPC5","ARPC5L","FR_negative","True","synthetic_lethal","SL_in_PC9","neither_in_HeLa",-0.656376187963873,0.00564808611544991,-0.400270322694219,0.0232277515598377,"Not Functionally Redundant","Not Synthetic Lethal",NA
"ASAP1","ASAP2","FR_negative","False","neither","neither_in_PC9","neither_in_HeLa",-0.113433721598319,0.718752170971682,0.0688226822616416,0.712656558397012,"Not Functionally Redundant","Not Synthetic Lethal",NA
"ASF1A","ASF1B","FR_negative","True","synthetic_lethal","neither_in_PC9","SL_in_HeLa",-0.37064016169093,0.38392908592313,-1.81576411240082,0.0851307324184559,NA,NA,"Data coverage gap: ASF1B is present in the CRISPR dependency data, but missing from the mutation data. This means mutation- and/or expression-based loss can't be computed for this gene, so any SL/FR result involving it would silently look like 'zero mutations / insufficient data' rather than a genuine negative. Check the exact gene symbol used in your OmicsSomaticMutationsMatrixDamaging.csv and OmicsExpressionTPMLogp1... column headers (naming/alias mismatches are the most common cause), or this gene may simply not be covered by that particular DepMap release."
"ATG4A","ATG4B","FR_negative","False","neither","neither_in_PC9","neither_in_HeLa",-0.218986269921055,0.271652997413348,-0.0746793227126699,0.408369018365552,"Not Functionally Redundant","Not Synthetic Lethal",NA
"ATP6V1C1","ATP6V1C2","FR_negative","True","synthetic_lethal","SL_in_PC9","neither_in_HeLa",-0.582203176944449,0.0700113403463171,-0.385492721859948,0.0571507137137977,"Not Functionally Redundant","Not Synthetic Lethal",NA
"ATP6V1E1","ATP6V1E2","FR_negative","True","synthetic_lethal","SL_in_PC9","neither_in_HeLa",-0.527283333259897,0.0705477131740315,-0.290016833589905,0.332518327881287,NA,NA,"Data coverage gap: ATP6V1E2 is present in the CRISPR dependency data, but missing from the mutation data. This means mutation- and/or expression-based loss can't be computed for this gene, so any SL/FR result involving it would silently look like 'zero mutations / insufficient data' rather than a genuine negative. Check the exact gene symbol used in your OmicsSomaticMutationsMatrixDamaging.csv and OmicsExpressionTPMLogp1... column headers (naming/alias mismatches are the most common cause), or this gene may simply not be covered by that particular DepMap release."
"AVP","OXT","FR_negative","False","neither","neither_in_PC9","neither_in_HeLa",0.167504891842001,0.307360893510792,0.0249174104063256,0.928216886566267,"Not Functionally Redundant","Not Synthetic Lethal",NA
"BCAT2","BCAT1","FR_positive","False","buffering","buffering_in_PC9","neither_in_HeLa",0.409231779160267,0.0200007872791986,-0.00787215344390394,0.942144096874262,"Not Functionally Redundant","Not Synthetic Lethal",NA
"BCL11B","BCL11A","FR_positive","False","buffering","buffering_in_PC9","buffering_in_HeLa",0.276579874153009,0.0142128189945872,0.275900980671544,0.0460296565527878,"Not Functionally Redundant","Not Synthetic Lethal",NA
"BEX2","BEX1","FR_negative","False","neither","neither_in_PC9","neither_in_HeLa",-0.201232497858251,0.346312642406372,-0.284527602882083,0.0571507137137977,"Not Functionally Redundant","Not Synthetic Lethal",NA
"BMP8B","BMP8A","FR_negative","True","synthetic_lethal","SL_in_PC9","neither_in_HeLa",-0.510139279767402,0.0879780006506753,0.00652918317480084,0.961890925342096,"Not Functionally Redundant","Not Synthetic Lethal",NA
"BRD3","BRD2","FR_negative","True","synthetic_lethal","SL_in_PC9","neither_in_HeLa",-0.815545796833664,0.00214079163484872,-0.441457246443665,0.208820277693774,"Not Functionally Redundant","Synthetic Lethal (moderate)",NA
"BTBD10","KCTD20","FR_positive","False","buffering","buffering_in_PC9","neither_in_HeLa",0.586023929198522,0.00476638670999158,-0.214528769057214,0.251978872533626,"Not Functionally Redundant","Not Synthetic Lethal",NA
"BTN2A2","BTN2A1","FR_negative","False","neither","neither_in_PC9","neither_in_HeLa",0.0813088654339274,0.7295704327979,-0.0920777893038534,0.490938878641229,"Not Functionally Redundant","Not Synthetic Lethal",NA
"BTNL8","BTNL3","FR_negative","False","neither","neither_in_PC9","neither_in_HeLa",0.0474950170918805,0.826291913324493,-0.00994674742063911,0.951159086727449,"Not Functionally Redundant","Not Synthetic Lethal",NA
"CAB39L","CAB39","FR_negative","True","synthetic_lethal","SL_in_PC9","neither_in_HeLa",-0.74000808732091,0.0221689307001366,-0.10641243311699,0.761847950600607,"Not Functionally Redundant","Synthetic Lethal (moderate)",NA
"CABP5","CABP2","FR_positive","False","buffering","neither_in_PC9","buffering_in_HeLa",-0.108991541633905,0.573457787050194,0.265716750284609,0.0704513741332156,"Not Functionally Redundant","Not Synthetic Lethal",NA
"CABP7","CALN1","FR_negative","False","neither","neither_in_PC9","neither_in_HeLa",-0.303899136345595,0.042153805823317,-0.43266727137979,0.0713500862406793,"Not Functionally Redundant","Not Synthetic Lethal",NA
"CALB2","CALB1","FR_positive","False","buffering","neither_in_PC9","buffering_in_HeLa",0.0551888941991463,0.715049992226198,0.277033135837279,0.0514321582459458,"Not Functionally Redundant","Not Synthetic Lethal",NA
"CALCRL","CALCR","FR_negative","False","neither","neither_in_PC9","neither_in_HeLa",0.211136863216179,0.513618445203842,0.129340360687492,0.480648175125941,"Not Functionally Redundant","Not Synthetic Lethal",NA
"CAND2","CAND1","FR_negative","False","neither","neither_in_PC9","neither_in_HeLa",-0.0296697307631878,0.896780338491375,-0.259839413042758,0.33113278765554,"Not Functionally Redundant","Not Synthetic Lethal",NA
"CAP2","CAP1","FR_positive","False","buffering","buffering_in_PC9","neither_in_HeLa",0.556000828873882,0.00279847666249804,-0.280461554293237,0.332518327881287,"Not Functionally Redundant","Not Synthetic Lethal",NA
"CAPNS2","CAPNS1","FR_positive","False","buffering","neither_in_PC9","buffering_in_HeLa",0.173249665460323,0.224919364062398,0.297295127036457,0.0917220013060675,"Not Functionally Redundant","Not Synthetic Lethal",NA
"CAPZA2","CAPZA1","FR_negative","False","neither","neither_in_PC9","neither_in_HeLa",-0.426328364044628,0.257816820900764,-0.242542390026014,0.198986351446821,NA,NA,"Data coverage gap: CAPZA1 is present in the CRISPR dependency data, but missing from the mutation data. This means mutation- and/or expression-based loss can't be computed for this gene, so any SL/FR result involving it would silently look like 'zero mutations / insufficient data' rather than a genuine negative. Check the exact gene symbol used in your OmicsSomaticMutationsMatrixDamaging.csv and OmicsExpressionTPMLogp1... column headers (naming/alias mismatches are the most common cause), or this gene may simply not be covered by that particular DepMap release."
"CASP5","CASP4","FR_positive","False","buffering","buffering_in_PC9","buffering_in_HeLa",0.571597808668965,0.00684696131060639,0.381702409610635,0.0385740579667996,"Not Functionally Redundant","Not Synthetic Lethal",NA
"CBR3","CBR1","FR_positive","False","buffering","buffering_in_PC9","neither_in_HeLa",0.440612697954485,0.0497887517593467,-0.0442091817491434,0.770087867958551,"Not Functionally Redundant","Not Synthetic Lethal",NA
"CCNL2","CCNL1","FR_negative","True","synthetic_lethal","SL_in_PC9","SL_in_HeLa",-2.31378830103662,0.000165476537420071,-1.26108418597121,0.0261675251096235,"Not Functionally Redundant","Synthetic Lethal (moderate)",NA
"CCT6B","CCT6A","FR_negative","True","synthetic_lethal","neither_in_PC9","SL_in_HeLa",-0.148063130873024,0.525254283677352,-0.945717622686171,0.0983027618326919,"Not Functionally Redundant","Not Synthetic Lethal",NA
"CD151","TSPAN11","FR_negative","False","neither","neither_in_PC9","neither_in_HeLa",-0.203523447320984,0.242213512889361,0.0476711693299261,0.625023409333316,"Not Functionally Redundant","Not Synthetic Lethal",NA
"CDK11B","CDK11A","FR_negative","True","synthetic_lethal","SL_in_PC9","neither_in_HeLa",-0.558547371461186,0.0221952888996995,0.0962383607110854,0.756167647410352,"Not Functionally Redundant","Not Synthetic Lethal",NA
"CDK2AP2","CDK2AP1","FR_negative","False","neither","neither_in_PC9","neither_in_HeLa",0.0627681883268676,0.815954919242716,-0.434257591254132,0.0463729894372626,NA,NA,"Data coverage gap: CDK2AP1 is present in the CRISPR dependency data, but missing from the mutation data. This means mutation- and/or expression-based loss can't be computed for this gene, so any SL/FR result involving it would silently look like 'zero mutations / insufficient data' rather than a genuine negative. Check the exact gene symbol used in your OmicsSomaticMutationsMatrixDamaging.csv and OmicsExpressionTPMLogp1... column headers (naming/alias mismatches are the most common cause), or this gene may simply not be covered by that particular DepMap release."
"CDK6","CDK4","FR_negative","True","synthetic_lethal","SL_in_PC9","neither_in_HeLa",-1.53756762504208,0.000340280033181014,-0.251834192554007,0.30738939143755,"Not Functionally Redundant","Synthetic Lethal",NA
"CDKN2B","CDKN2A","FR_positive","False","buffering","neither_in_PC9","buffering_in_HeLa",0.0172652054631459,0.909908705731012,0.311128170186772,0.00636424852804404,"Not Functionally Redundant","Not Synthetic Lethal",NA
"CDS2","CDS1","FR_negative","True","synthetic_lethal","SL_in_PC9","neither_in_HeLa",-0.589206342655651,0.0213346531048821,-0.457644435072989,0.197755178821162,"Not Functionally Redundant","Not Synthetic Lethal",NA
"CELF2","CELF1","FR_positive","False","buffering","buffering_in_PC9","neither_in_HeLa",0.311319659149021,0.0665169877399334,0.12604162004755,0.488689619657158,"Not Functionally Redundant","Not Synthetic Lethal",NA
"CEPT1","CHPT1","FR_negative","True","synthetic_lethal","neither_in_PC9","SL_in_HeLa",-0.391081397110481,0.0846608460157326,-0.596656032470563,0.0288069663788996,"Not Functionally Redundant","Synthetic Lethal (moderate)",NA
"CETN2","CETN1","FR_negative","False","neither","neither_in_PC9","neither_in_HeLa",-0.36900911769781,0.0125912332454636,-0.176790963095888,0.329169152587928,"Not Functionally Redundant","Not Synthetic Lethal",NA
"CHML","CHM","FR_negative","True","synthetic_lethal","SL_in_PC9","neither_in_HeLa",-0.892350737611636,0.00469262529607357,-0.438950822480246,0.0867815913125113,"Functional Redundancy (moderate)","Synthetic Lethal (moderate)",NA
"CHMP1B","CHMP1A","FR_negative","True","synthetic_lethal","SL_in_PC9","SL_in_HeLa",-0.728219646772727,0.0101906280962411,-0.587669011201961,0.00373920028510982,"Not Functionally Redundant","Synthetic Lethal (moderate)",NA
"CHP2","CHP1","FR_positive","False","buffering","buffering_in_PC9","neither_in_HeLa",0.463314147119682,0.0647636856770689,-0.252871308392111,0.0393584700592103,"Not Functionally Redundant","Not Synthetic Lethal",NA
"CHPF2","CHPF","FR_negative","False","neither","neither_in_PC9","neither_in_HeLa",0.272310761003421,0.183349477260435,-0.224922950627117,0.266054836085422,"Not Functionally Redundant","Not Synthetic Lethal",NA
"CHRM4","CHRM2","FR_negative","False","neither","neither_in_PC9","neither_in_HeLa",-0.0900403230932959,0.7665111166254,0.0414390284269762,0.827887148529862,"Not Functionally Redundant","Not Synthetic Lethal",NA
"CHRNB2","CHRNB4","FR_negative","False","neither","neither_in_PC9","neither_in_HeLa",-0.0932880650254103,0.697806781729485,0.0492416181452163,0.770087867958551,"Not Functionally Redundant","Not Synthetic Lethal",NA
"CHSY3","CHSY1","FR_negative","False","neither","neither_in_PC9","neither_in_HeLa",-0.149298465157883,0.566197631503488,0.0693540712816704,0.578330739191991,"Not Functionally Redundant","Not Synthetic Lethal",NA
"CHUK","IKBKB","FR_negative","False","neither","neither_in_PC9","neither_in_HeLa",-0.106933314504174,0.426188988150802,0.091253421993549,0.498214011153234,"Not Functionally Redundant","Not Synthetic Lethal",NA
"CKS2","CKS1B","FR_negative","True","synthetic_lethal","SL_in_PC9","SL_in_HeLa",-0.578087126773908,0.0144658407918538,-0.519032158918539,0.0642821360638702,NA,NA,"Data coverage gap: CKS1B is present in the CRISPR dependency data, but missing from the mutation data. This means mutation- and/or expression-based loss can't be computed for this gene, so any SL/FR result involving it would silently look like 'zero mutations / insufficient data' rather than a genuine negative. Check the exact gene symbol used in your OmicsSomaticMutationsMatrixDamaging.csv and OmicsExpressionTPMLogp1... column headers (naming/alias mismatches are the most common cause), or this gene may simply not be covered by that particular DepMap release."
"CLASP2","CLASP1","FR_negative","False","neither","neither_in_PC9","neither_in_HeLa",-0.953300882435942,0.11424532745087,-0.315914274412177,0.257817791207905,"Not Functionally Redundant","Not Synthetic Lethal",NA
"CLEC4C","CLEC6A","FR_positive","False","buffering","buffering_in_PC9","neither_in_HeLa",0.748590418085466,0.000488524264108664,0.0699861192939191,0.78967319184277,NA,NA,"Data coverage gap: CLEC4C and CLEC6A are present in the CRISPR dependency data, but missing from the mutation data. This means mutation- and/or expression-based loss can't be computed for this gene, so any SL/FR result involving it would silently look like 'zero mutations / insufficient data' rather than a genuine negative. Check the exact gene symbol used in your OmicsSomaticMutationsMatrixDamaging.csv and OmicsExpressionTPMLogp1... column headers (naming/alias mismatches are the most common cause), or this gene may simply not be covered by that particular DepMap release."
"CNBP","ZCCHC13","FR_negative","False","neither","neither_in_PC9","neither_in_HeLa",0.140071432412196,0.562202315261349,-0.12621661574584,0.262589814486646,"Not Functionally Redundant","Not Synthetic Lethal",NA
"CNOT8","CNOT7","FR_negative","True","synthetic_lethal","SL_in_PC9","SL_in_HeLa",-1.2081817296025,0.00469262529607357,-2.06307927771428,2.21545562877921e-05,"Borderline FR","Not Synthetic Lethal",NA
"COPG2","COPG1","FR_negative","True","synthetic_lethal","SL_in_PC9","neither_in_HeLa",-0.890003753453418,0.00934632264328018,-0.340719420357584,0.162053658526556,"Not Functionally Redundant","Synthetic Lethal (moderate)",NA
"COQ10B","COQ10A","FR_negative","True","synthetic_lethal","SL_in_PC9","SL_in_HeLa",-1.11755246573245,0.00224148615389714,-0.577353666071444,0.0357653805788222,"Functional Redundancy (moderate)","Synthetic Lethal (moderate)",NA
"CORO2B","CORO2A","FR_negative","False","neither","neither_in_PC9","neither_in_HeLa",-0.305159498628117,0.0700113403463171,-0.13490716203304,0.551016981305533,"Not Functionally Redundant","Not Synthetic Lethal",NA
"CPEB4","CPEB3","FR_positive","False","buffering","buffering_in_PC9","neither_in_HeLa",0.588968772246113,0.0125912332454636,-0.182763361719915,0.0332791875500847,"Not Functionally Redundant","Not Synthetic Lethal",NA
"CREBBP","EP300","FR_negative","True","synthetic_lethal","SL_in_PC9","neither_in_HeLa",-0.972710502399576,0.00131628881978621,-0.69142862498111,0.165067759415652,"Not Functionally Redundant","Not Synthetic Lethal",NA
"CRISP3","CRISP2","FR_negative","False","neither","neither_in_PC9","neither_in_HeLa",0.274121351227737,0.139593635808824,0.100592389075342,0.528821138437649,"Not Functionally Redundant","Not Synthetic Lethal",NA
"CSTB","CSTA","FR_negative","False","neither","neither_in_PC9","neither_in_HeLa",-0.203759187208819,0.568813469641428,0.0727070020707283,0.377806085440341,NA,NA,"Data coverage gap: CSTA is present in the CRISPR dependency data, but missing from the mutation data. This means mutation- and/or expression-based loss can't be computed for this gene, so any SL/FR result involving it would silently look like 'zero mutations / insufficient data' rather than a genuine negative. Check the exact gene symbol used in your OmicsSomaticMutationsMatrixDamaging.csv and OmicsExpressionTPMLogp1... column headers (naming/alias mismatches are the most common cause), or this gene may simply not be covered by that particular DepMap release."
"CSTF2T","CSTF2","FR_negative","True","synthetic_lethal","SL_in_PC9","SL_in_HeLa",-0.889570525738717,0.000440894732033466,-1.12298535081299,0.00178958702062457,"Functional Redundancy (moderate)","Synthetic Lethal (moderate)",NA
"CTNNB1","JUP","FR_negative","False","neither","neither_in_PC9","neither_in_HeLa",0.122318371119678,0.485134671832334,-0.110577886024986,0.421338223388239,"Not Functionally Redundant","Not Synthetic Lethal",NA
"CUL4B","CUL4A","FR_negative","True","synthetic_lethal","neither_in_PC9","SL_in_HeLa",-0.0753074518757057,0.88203940042494,-0.72082884742315,0.0288069663788996,"Functional Redundancy (moderate)","Synthetic Lethal",NA
"CYP26C1","CYP26B1","FR_positive","False","buffering","buffering_in_PC9","neither_in_HeLa",0.622529073632567,0.0345753992147102,0.0407542687768421,0.871500856715614,"Not Functionally Redundant","Not Synthetic Lethal",NA
"CYP4Z1","CYP4X1","FR_positive","False","buffering","buffering_in_PC9","neither_in_HeLa",0.682004278626558,0.0611905178077313,-0.0240622874030957,0.853727137165554,"Not Functionally Redundant","Not Synthetic Lethal",NA
"DDX21","DDX50","FR_negative","False","neither","neither_in_PC9","neither_in_HeLa",-0.498500424394951,0.285496957567593,-0.127713463459058,0.474443569429093,"Not Functionally Redundant","Not Synthetic Lethal",NA
"DDX39B","DDX39A","FR_negative","True","synthetic_lethal","SL_in_PC9","SL_in_HeLa",-0.890236091278493,0.00476638670999158,-0.914332722660353,0.0332791875500847,"Not Functionally Redundant","Synthetic Lethal",NA
"DDX3Y","DDX3X","FR_negative","False","neither","neither_in_PC9","neither_in_HeLa",-0.332287732884812,0.292956258634036,0.616147213799519,0.112126744351162,"Not Functionally Redundant","Synthetic Lethal (moderate)",NA
"DDX60L","DDX60","FR_negative","False","neither","neither_in_PC9","neither_in_HeLa",0.0885705565396029,0.793852808897125,-0.178456663241533,0.629928644805857,"Not Functionally Redundant","Not Synthetic Lethal",NA
"DEFB131B","DEFB131A","FR_positive","False","buffering","buffering_in_PC9","neither_in_HeLa",0.556026836794774,0.00684696131060639,-0.127172170500155,0.393077493560587,NA,NA,"Data coverage gap: DEFB131B and DEFB131A are present in the CRISPR dependency data, but missing from the mutation data. This means mutation- and/or expression-based loss can't be computed for this gene, so any SL/FR result involving it would silently look like 'zero mutations / insufficient data' rather than a genuine negative. Check the exact gene symbol used in your OmicsSomaticMutationsMatrixDamaging.csv and OmicsExpressionTPMLogp1... column headers (naming/alias mismatches are the most common cause), or this gene may simply not be covered by that particular DepMap release."
"DENND5B","DENND5A","FR_positive","False","buffering","buffering_in_PC9","neither_in_HeLa",0.348004301869148,0.00485864860344608,-0.0997153784068576,0.502303760735889,"Not Functionally Redundant","Not Synthetic Lethal",NA
"DENND6B","DENND6A","FR_negative","False","neither","neither_in_PC9","neither_in_HeLa",0.320123740901328,0.307680606109284,-0.119379945591756,0.55209226065763,"Not Functionally Redundant","Not Synthetic Lethal",NA
"DERL3","DERL2","FR_negative","False","neither","neither_in_PC9","neither_in_HeLa",-0.110399840366942,0.525174224989015,-0.110754757479532,0.278842985083944,"Not Functionally Redundant","Not Synthetic Lethal",NA
"DHRS4L2","DHRS4","FR_negative","False","neither","neither_in_PC9","neither_in_HeLa",-0.106493303635369,0.635806371615438,-0.0418618963659948,0.802345756705059,"Not Functionally Redundant","Not Synthetic Lethal",NA
"DIRAS2","DIRAS1","FR_positive","False","buffering","buffering_in_PC9","neither_in_HeLa",0.396825700590886,0.00854149385110398,0.183329675737428,0.249849289600969,"Functional Redundancy (moderate)","Not Synthetic Lethal",NA
"DMXL2","DMXL1","FR_negative","True","synthetic_lethal","SL_in_PC9","SL_in_HeLa",-0.82854738840855,0.00469262529607357,-0.634937156836048,0.0158452943956109,"Borderline FR","Synthetic Lethal (moderate)",NA
"DNAH17","DNAH11","FR_negative","True","synthetic_lethal","SL_in_PC9","neither_in_HeLa",-0.546851687131167,0.0198553339563296,-0.354634853249656,0.063649199311163,"Not Functionally Redundant","Not Synthetic Lethal",NA
"DNAH7","DNAH3","FR_negative","False","neither","neither_in_PC9","neither_in_HeLa",-0.495677810080522,0.111523866578304,-0.158216917721149,0.377806085440341,"Not Functionally Redundant","Not Synthetic Lethal",NA
"DNAJC5B","DNAJC5","FR_negative","False","neither","neither_in_PC9","neither_in_HeLa",-0.464393761060555,0.0608657179801657,-0.245560884223092,0.276496666881903,"Not Functionally Redundant","Not Synthetic Lethal",NA
"DOCK4","DOCK3","FR_positive","False","buffering","neither_in_PC9","buffering_in_HeLa",-0.0735690039676346,0.88203940042494,0.485188785193253,0.0571507137137977,"Not Functionally Redundant","Not Synthetic Lethal",NA
"DST","MACF1","FR_positive","False","buffering","buffering_in_PC9","neither_in_HeLa",0.467523514036079,0.0522113539123482,-0.235194786261877,0.0956979703954997,"Not Functionally Redundant","Not Synthetic Lethal",NA
"DTNB","DTNA","FR_negative","False","neither","neither_in_PC9","neither_in_HeLa",-0.295885674739156,0.125966996566929,-0.0229053822436219,0.904403287150335,"Not Functionally Redundant","Not Synthetic Lethal",NA
"DYNC1I2","DYNC1I1","FR_negative","True","synthetic_lethal","SL_in_PC9","SL_in_HeLa",-0.82602915092792,0.00394640038799567,-0.560074424266195,0.0949148798057041,"Not Functionally Redundant","Not Synthetic Lethal",NA
"DYNC1LI2","DYNC1LI1","FR_negative","False","neither","neither_in_PC9","neither_in_HeLa",-0.489845667634755,0.321068914940709,-0.799897406400312,0.278842985083944,"Functional Redundancy","Synthetic Lethal (moderate)",NA
"DYNLL2","DYNLL1","FR_negative","True","synthetic_lethal","SL_in_PC9","neither_in_HeLa",-0.642414536668405,0.0359707244431107,-1.02412476887978,0.503042091402622,NA,NA,"Data coverage gap: DYNLL2 is present in the CRISPR dependency data, but missing from the mutation data. This means mutation- and/or expression-based loss can't be computed for this gene, so any SL/FR result involving it would silently look like 'zero mutations / insufficient data' rather than a genuine negative. Check the exact gene symbol used in your OmicsSomaticMutationsMatrixDamaging.csv and OmicsExpressionTPMLogp1... column headers (naming/alias mismatches are the most common cause), or this gene may simply not be covered by that particular DepMap release."
"DYNLT3","DYNLT1","FR_negative","False","neither","neither_in_PC9","neither_in_HeLa",0.0929634965880198,0.762359929753412,-0.272184425636132,0.122119038669539,"Functional Redundancy","Not Synthetic Lethal",NA
"EAF2","EAF1","FR_negative","True","synthetic_lethal","neither_in_PC9","SL_in_HeLa",-0.309204013208666,0.41185093954763,-1.29337163095473,0.00373920028510982,"Not Functionally Redundant","Synthetic Lethal (moderate)",NA
"EEF1A2","EEF1A1","FR_negative","True","synthetic_lethal","SL_in_PC9","neither_in_HeLa",-0.726839560023401,0.073623415432022,0.250995759101071,0.92632008203999,"Not Functionally Redundant","Not Synthetic Lethal",NA
"EFR3B","EFR3A","FR_positive","False","buffering","buffering_in_PC9","neither_in_HeLa",0.341253712944463,0.067768280419321,0.0054836209821211,0.965711832394977,"Not Functionally Redundant","Not Synthetic Lethal",NA
"EIF1B","EIF1","FR_negative","True","synthetic_lethal","SL_in_PC9","SL_in_HeLa",-0.988709941003261,0.00418187625235077,-1.72331194866835,0.00373920028510982,NA,NA,"Data coverage gap: EIF1B is present in the CRISPR dependency data, but missing from the mutation data. This means mutation- and/or expression-based loss can't be computed for this gene, so any SL/FR result involving it would silently look like 'zero mutations / insufficient data' rather than a genuine negative. Check the exact gene symbol used in your OmicsSomaticMutationsMatrixDamaging.csv and OmicsExpressionTPMLogp1... column headers (naming/alias mismatches are the most common cause), or this gene may simply not be covered by that particular DepMap release."
"EIF4E1B","EIF4E","FR_positive","False","buffering","neither_in_PC9","buffering_in_HeLa",0.351974258874674,0.220928649255106,0.332035305094608,0.028591050685594,"Not Functionally Redundant","Not Synthetic Lethal",NA
"ELANE","PRTN3","FR_negative","False","neither","neither_in_PC9","neither_in_HeLa",-0.0407384357040148,0.788055065856557,-0.125724858595424,0.178836377131123,"Not Functionally Redundant","Not Synthetic Lethal",NA
"ELOVL5","ELOVL2","FR_negative","False","neither","neither_in_PC9","neither_in_HeLa",-0.371388907960661,0.464523521330686,-0.0708564461312852,0.788802258384481,"Not Functionally Redundant","Not Synthetic Lethal",NA
"EMX2","EMX1","FR_negative","False","neither","neither_in_PC9","neither_in_HeLa",0.164642563491196,0.188895857942983,-0.0326379169324947,0.790801877236151,"Not Functionally Redundant","Not Synthetic Lethal",NA
"ENTPD7","ENTPD4","FR_positive","False","buffering","buffering_in_PC9","neither_in_HeLa",0.272365328671653,0.0797343270499314,-0.0114730447774247,0.939386177073696,"Not Functionally Redundant","Not Synthetic Lethal",NA
"EPC2","EPC1","FR_negative","True","synthetic_lethal","neither_in_PC9","SL_in_HeLa",-0.143459569803662,0.566269637164956,-0.885415489580437,0.0146421815729845,"Not Functionally Redundant","Synthetic Lethal",NA
"ESRP2","ESRP1","FR_positive","False","buffering","buffering_in_PC9","neither_in_HeLa",0.373203866342123,0.0700113403463171,-0.00405959655235926,0.97401545205769,"Not Functionally Redundant","Not Synthetic Lethal",NA
"ESRRG","ESRRA","FR_negative","False","neither","neither_in_PC9","neither_in_HeLa",-0.0556245158534729,0.804843218715973,0.0882990878364861,0.339493394128609,"Not Functionally Redundant","Not Synthetic Lethal",NA
"EZH2","EZH1","FR_negative","False","neither","neither_in_PC9","neither_in_HeLa",0.00603819350947132,0.97785406574827,-0.0415514481260727,0.770087867958551,"Not Functionally Redundant","Not Synthetic Lethal",NA
"F11","KLKB1","FR_negative","True","synthetic_lethal","SL_in_PC9","neither_in_HeLa",-0.533826139504325,0.0412516484995031,0.0839764950317145,0.770087867958551,"Not Functionally Redundant","Not Synthetic Lethal",NA
"FAHD2B","FAHD2A","FR_negative","False","neither","neither_in_PC9","neither_in_HeLa",-0.256385407587815,0.134819481135552,0.0478069825468702,0.840752526141588,"Not Functionally Redundant","Not Synthetic Lethal",NA
"FAM102B","FAM102A","FR_negative","False","neither","neither_in_PC9","neither_in_HeLa",0.350314055645769,0.240786248692876,-0.0535779397565489,0.795358940064585,NA,NA,"Gene 'FAM102B' not found in the loaded dependency data."
"FAM126B","FAM126A","FR_negative","True","synthetic_lethal","SL_in_PC9","SL_in_HeLa",-0.818535403920363,0.0614425638383292,-0.587057151156682,0.0192563760900663,NA,NA,"Gene 'FAM126B' not found in the loaded dependency data."
"FAM168B","FAM168A","FR_positive","False","buffering","buffering_in_PC9","neither_in_HeLa",0.428135598397887,0.00840760632394137,0.179576837834881,0.188484238569255,"Not Functionally Redundant","Not Synthetic Lethal",NA
"FAM200B","FAM200A","FR_negative","False","neither","neither_in_PC9","neither_in_HeLa",0.270330496312151,0.429175847041206,0.00997478302201282,0.974004868577215,"Not Functionally Redundant","Not Synthetic Lethal",NA
"FAM47B","FAM47A","FR_positive","False","buffering","buffering_in_PC9","neither_in_HeLa",0.298082486346249,0.0903251792404103,0.0263545996046795,0.855038126898368,"Not Functionally Redundant","Not Synthetic Lethal",NA
"FAM50B","FAM50A","FR_negative","True","synthetic_lethal","SL_in_PC9","neither_in_HeLa",-0.920089751001843,0.00433035182926545,-0.241944357434214,0.144655257374817,"Functional Redundancy (moderate)","Synthetic Lethal (moderate)",NA
"FAM76B","FAM76A","FR_negative","False","neither","neither_in_PC9","neither_in_HeLa",0.0877657699216742,0.735643196306999,0.00730485880375619,0.960769784696402,"Not Functionally Redundant","Not Synthetic Lethal",NA
"FAM78B","FAM78A","FR_negative","False","neither","neither_in_PC9","neither_in_HeLa",-0.0321526228252545,0.88203940042494,0.248797868186037,0.0863017269484685,"Not Functionally Redundant","Not Synthetic Lethal",NA
"FARP2","FARP1","FR_positive","False","buffering","buffering_in_PC9","neither_in_HeLa",0.266909473892444,0.0606818822033553,-0.144167706242841,0.104952108616464,"Not Functionally Redundant","Not Synthetic Lethal",NA
"FBXO25","FBXO32","FR_positive","False","buffering","neither_in_PC9","buffering_in_HeLa",0.340702488338899,0.129905353265095,0.560555413791443,0.0100491529548042,"Not Functionally Redundant","Not Synthetic Lethal",NA
"FCN2","FCN1","FR_negative","False","neither","neither_in_PC9","neither_in_HeLa",0.228529501448115,0.240786248692876,0.0893734116794079,0.486641446624954,"Not Functionally Redundant","Not Synthetic Lethal",NA
"FEM1C","FEM1A","FR_negative","False","neither","neither_in_PC9","neither_in_HeLa",0.269011969908695,0.352781363148845,0.067339747936559,0.687893783326639,"Not Functionally Redundant","Not Synthetic Lethal",NA
"FES","FER","FR_positive","False","buffering","neither_in_PC9","buffering_in_HeLa",0.0385571149006069,0.900766705302308,0.346808985514863,0.0846499392454744,"Not Functionally Redundant","Not Synthetic Lethal",NA
"FEZF2","FEZF1","FR_positive","False","buffering","buffering_in_PC9","neither_in_HeLa",0.552855365062207,0.00290224447068119,0.180062780387389,0.370123200434612,"Not Functionally Redundant","Not Synthetic Lethal",NA
"FN3KRP","FN3K","FR_negative","False","neither","neither_in_PC9","neither_in_HeLa",0.322683282856616,0.193956454980592,0.067159992729094,0.663703818637663,"Not Functionally Redundant","Not Synthetic Lethal",NA
"FNDC3B","FNDC3A","FR_negative","True","synthetic_lethal","neither_in_PC9","SL_in_HeLa",-0.321698619915731,0.0359707244431107,-0.570836243835336,0.0271176925366954,"Not Functionally Redundant","Not Synthetic Lethal",NA
"FOXR2","FOXR1","FR_negative","False","neither","neither_in_PC9","neither_in_HeLa",-0.130408797948602,0.512460022890457,-0.0660734596874254,0.789954926425704,"Not Functionally Redundant","Not Synthetic Lethal",NA
"FRYL","FRY","FR_positive","False","buffering","buffering_in_PC9","neither_in_HeLa",0.545014857709243,0.0280291785984897,-0.137609343520582,0.551262458231494,"Not Functionally Redundant","Not Synthetic Lethal",NA
"FSD1L","FSD1","FR_positive","False","buffering","buffering_in_PC9","neither_in_HeLa",0.415692205031524,0.0943431275449739,-0.0719119684948733,0.781272388966406,"Not Functionally Redundant","Not Synthetic Lethal",NA
"FSTL5","FSTL4","FR_positive","False","buffering","neither_in_PC9","buffering_in_HeLa",0.193575275611476,0.585042006369038,0.404612851800406,0.028591050685594,"Not Functionally Redundant","Not Synthetic Lethal",NA
"FUCA2","FUCA1","FR_negative","False","neither","neither_in_PC9","neither_in_HeLa",-0.325635755382669,0.299177253213797,0.16511574810333,0.400040242084198,"Not Functionally Redundant","Not Synthetic Lethal",NA
"FUT2","FUT1","FR_negative","False","neither","neither_in_PC9","neither_in_HeLa",-0.222061455605908,0.261249464834571,0.0557844193120828,0.679424305466099,"Not Functionally Redundant","Not Synthetic Lethal",NA
"G3BP2","G3BP1","FR_negative","True","synthetic_lethal","SL_in_PC9","neither_in_HeLa",-1.42939731587992,0.00469262529607357,0.0217836504687466,0.951159086727449,"Not Functionally Redundant","Not Synthetic Lethal",NA
"GABPB2","GABPB1","FR_negative","True","synthetic_lethal","neither_in_PC9","SL_in_HeLa",-0.0963206422792739,0.714119629755693,-0.519746252287298,0.0288069663788996,NA,NA,"Data coverage gap: GABPB2 is present in the CRISPR dependency data, but missing from the mutation data. This means mutation- and/or expression-based loss can't be computed for this gene, so any SL/FR result involving it would silently look like 'zero mutations / insufficient data' rather than a genuine negative. Check the exact gene symbol used in your OmicsSomaticMutationsMatrixDamaging.csv and OmicsExpressionTPMLogp1... column headers (naming/alias mismatches are the most common cause), or this gene may simply not be covered by that particular DepMap release."
"GALNT1","GALNT13","FR_negative","False","neither","neither_in_PC9","neither_in_HeLa",0.390723306028265,0.216657565768558,0.132180599498882,0.469266763036373,"Not Functionally Redundant","Not Synthetic Lethal",NA
"GATA3","GATA2","FR_positive","False","buffering","neither_in_PC9","buffering_in_HeLa",0.0394897821180718,0.885587019293994,0.278600389025932,0.0835009383033198,"Not Functionally Redundant","Not Synthetic Lethal",NA
"GCA","SRI","FR_negative","False","neither","neither_in_PC9","neither_in_HeLa",0.0957321864020448,0.554292582451806,-0.0374491736225233,0.85858487396597,"Not Functionally Redundant","Not Synthetic Lethal",NA
"GCOM1","MYZAP","FR_positive","False","buffering","neither_in_PC9","buffering_in_HeLa",-0.197157295102839,0.302413465034238,0.288991400615859,0.0319342002373085,NA,NA,"Gene 'GCOM1' not found in the loaded dependency data."
"GDI2","GDI1","FR_negative","True","synthetic_lethal","SL_in_PC9","neither_in_HeLa",-0.73003533569044,0.027880833778964,-0.409284774723276,0.0332791875500847,"Borderline FR","Synthetic Lethal (moderate)",NA
"GFOD2","GFOD1","FR_negative","False","neither","neither_in_PC9","neither_in_HeLa",0.023842806507283,0.950875596828848,-0.279868997288957,0.278085593296668,"Not Functionally Redundant","Not Synthetic Lethal",NA
"GFPT2","GFPT1","FR_negative","True","synthetic_lethal","neither_in_PC9","SL_in_HeLa",-0.0157892685682954,0.965180961856805,-1.34627669496737,0.0334716379659348,"Not Functionally Redundant","Not Synthetic Lethal",NA
"GLB1L","GLB1","FR_negative","False","neither","neither_in_PC9","neither_in_HeLa",0.227231249256505,0.381749017504837,-0.12216766050948,0.521714957805916,"Borderline FR","Not Synthetic Lethal",NA
"GLS2","GLS","FR_negative","False","neither","neither_in_PC9","neither_in_HeLa",-0.087796231510804,0.813869054972289,-0.438359713452935,0.0846499392454744,"Not Functionally Redundant","Not Synthetic Lethal",NA
"GLUD2","GLUD1","FR_negative","False","neither","neither_in_PC9","neither_in_HeLa",-0.183942982859155,0.554292582451806,0.172270385378141,0.4436033897991,"Not Functionally Redundant","Not Synthetic Lethal",NA
"GPR21","GPR52","FR_negative","False","neither","neither_in_PC9","neither_in_HeLa",0.175442445130445,0.394901235758546,0.144898389607703,0.470879522096978,"Not Functionally Redundant","Not Synthetic Lethal",NA
"GREB1L","GREB1","FR_positive","False","buffering","buffering_in_PC9","neither_in_HeLa",0.333058978384874,0.0296995238942616,0.198186679687694,0.10479440366025,"Not Functionally Redundant","Not Synthetic Lethal",NA
"GRM1","GRM5","FR_positive","False","buffering","neither_in_PC9","buffering_in_HeLa",0.148623542705326,0.673015951352314,0.447378340477731,0.00853084324728192,"Not Functionally Redundant","Not Synthetic Lethal",NA
"GSK3B","GSK3A","FR_negative","True","synthetic_lethal","SL_in_PC9","SL_in_HeLa",-1.42976711423091,0.00161770764072111,-1.65958010714093,0.01245087079164,"Not Functionally Redundant","Not Synthetic Lethal",NA
"GSTO2","GSTO1","FR_negative","False","neither","neither_in_PC9","neither_in_HeLa",0.309466309214003,0.271652997413348,-0.0274678438580457,0.915751994758567,"Not Functionally Redundant","Not Synthetic Lethal",NA
"H2AFZ","H2AFV","FR_negative","True","synthetic_lethal","neither_in_PC9","SL_in_HeLa",-0.391364676896221,0.294862610145239,-0.686958347971169,0.0300162225247841,NA,NA,"Gene 'H2AFZ' not found in the loaded dependency data."
"HACD2","HACD1","FR_negative","False","neither","neither_in_PC9","neither_in_HeLa",-0.190343926230443,0.229499123513215,0.127823306453603,0.507026053590206,"Borderline FR","Not Synthetic Lethal",NA
"HAND2","HAND1","FR_positive","False","buffering","buffering_in_PC9","neither_in_HeLa",0.534300240768278,0.00469262529607357,-0.0523720586712891,0.649982851299354,NA,NA,"Data coverage gap: HAND1 is present in the CRISPR dependency data, but missing from the mutation data. This means mutation- and/or expression-based loss can't be computed for this gene, so any SL/FR result involving it would silently look like 'zero mutations / insufficient data' rather than a genuine negative. Check the exact gene symbol used in your OmicsSomaticMutationsMatrixDamaging.csv and OmicsExpressionTPMLogp1... column headers (naming/alias mismatches are the most common cause), or this gene may simply not be covered by that particular DepMap release."
"HEXB","HEXA","FR_positive","False","buffering","buffering_in_PC9","neither_in_HeLa",0.361334094923052,0.0198553339563296,-0.0224266801509726,0.873235627877283,"Not Functionally Redundant","Not Synthetic Lethal",NA
"HNRNPD","HNRNPAB","FR_negative","True","synthetic_lethal","SL_in_PC9","SL_in_HeLa",-1.04355143860198,0.00171480734160616,-0.796183683960377,0.0288069663788996,"Not Functionally Redundant","Not Synthetic Lethal",NA
"HNRNPLL","HNRNPL","FR_negative","True","synthetic_lethal","neither_in_PC9","SL_in_HeLa",-0.168558919833063,0.682335513946875,-0.618438454464777,0.0705421611492169,"Not Functionally Redundant","Not Synthetic Lethal",NA
"HNRNPR","SYNCRIP","FR_negative","True","synthetic_lethal","neither_in_PC9","SL_in_HeLa",-0.198261069587879,0.502086722540562,-0.728080779534177,0.0591673694429273,"Not Functionally Redundant","Not Synthetic Lethal",NA
"HOOK3","HOOK1","FR_positive","False","buffering","buffering_in_PC9","neither_in_HeLa",0.279615168538529,0.0545788629652888,-0.0993351192703242,0.433914508122726,"Not Functionally Redundant","Not Synthetic Lethal",NA
"HOXA6","HOXB6","FR_negative","False","neither","neither_in_PC9","neither_in_HeLa",0.210632480342009,0.436518398171928,0.0427932053232599,0.78166459503436,"Not Functionally Redundant","Not Synthetic Lethal",NA
"HSD17B13","HSD17B11","FR_negative","False","neither","neither_in_PC9","neither_in_HeLa",0.24356720299302,0.0879780006506753,0.230350205703672,0.0337947637610909,"Not Functionally Redundant","Not Synthetic Lethal",NA
"HSD3B2","HSD3B1","FR_positive","False","buffering","neither_in_PC9","buffering_in_HeLa",0.364485569785704,0.194062410662292,0.309396921592013,0.0239464461183069,"Not Functionally Redundant","Not Synthetic Lethal",NA
"HSP90AB1","HSP90AA1","FR_negative","True","synthetic_lethal","neither_in_PC9","SL_in_HeLa",-0.472424546745105,0.135622289944679,-0.916754905079339,0.0463729894372626,"Functional Redundancy (moderate)","Synthetic Lethal (moderate)",NA
"HTN3","HTN1","FR_negative","False","neither","neither_in_PC9","neither_in_HeLa",-0.426259900298506,0.170618557401581,-0.120226187481932,0.405498837533829,"Not Functionally Redundant","Not Synthetic Lethal",NA
"HTR1D","HTR1B","FR_negative","False","neither","neither_in_PC9","neither_in_HeLa",-0.0942961121534199,0.735278443552018,-0.0628984400879606,0.576925952472835,"Not Functionally Redundant","Not Synthetic Lethal",NA
"HTR1F","HTR1E","FR_negative","False","neither","neither_in_PC9","neither_in_HeLa",0.245641308571627,0.520534867714484,-0.087267376052624,0.514359675188347,"Not Functionally Redundant","Not Synthetic Lethal",NA
"ICK","MAK","FR_positive","False","buffering","buffering_in_PC9","neither_in_HeLa",0.534396129119613,0.0896577129161692,0.0358892520455239,0.855038126898368,NA,NA,"Gene 'ICK' not found in the loaded dependency data."
"IFFO2","IFFO1","FR_negative","False","neither","neither_in_PC9","neither_in_HeLa",0.0160168804959515,0.919712215213502,0.0869344784618403,0.507421869044939,"Not Functionally Redundant","Not Synthetic Lethal",NA
"IL36G","IL36A","FR_positive","False","buffering","buffering_in_PC9","neither_in_HeLa",0.485132703975619,0.0993232717215812,0.212931312982906,0.237480889847403,NA,NA,"Data coverage gap: IL36A is present in the CRISPR dependency data, but missing from the mutation data. This means mutation- and/or expression-based loss can't be computed for this gene, so any SL/FR result involving it would silently look like 'zero mutations / insufficient data' rather than a genuine negative. Check the exact gene symbol used in your OmicsSomaticMutationsMatrixDamaging.csv and OmicsExpressionTPMLogp1... column headers (naming/alias mismatches are the most common cause), or this gene may simply not be covered by that particular DepMap release."
"IMPDH2","IMPDH1","FR_negative","True","synthetic_lethal","SL_in_PC9","neither_in_HeLa",-0.618354017484011,0.00934632264328018,-0.286860269607253,0.188484238569255,"Functional Redundancy (moderate)","Synthetic Lethal (moderate)",NA
"INSIG2","INSIG1","FR_negative","False","neither","neither_in_PC9","neither_in_HeLa",0.038228682968497,0.919712215213502,-0.501097267721488,0.158555997091077,"Borderline FR","Not Synthetic Lethal",NA
"INTS6L","INTS6","FR_negative","False","neither","neither_in_PC9","neither_in_HeLa",-0.425960661977758,0.340360452657008,0.137848401793501,0.55209226065763,"Not Functionally Redundant","Synthetic Lethal (moderate)",NA
"IPO5","RANBP6","FR_negative","False","neither","neither_in_PC9","neither_in_HeLa",-0.228899354079134,0.479945136437964,-0.12772902272588,0.339385856771504,"Not Functionally Redundant","Not Synthetic Lethal",NA
"ITGB5","ITGB3","FR_negative","False","neither","neither_in_PC9","neither_in_HeLa",0.112051159893714,0.493517044577035,0.402783308613916,0.10479440366025,"Not Functionally Redundant","Not Synthetic Lethal",NA
"JRKL","TIGD2","FR_negative","False","neither","neither_in_PC9","neither_in_HeLa",-0.194738804639015,0.346271456319181,-0.145894626646473,0.339318930142494,"Not Functionally Redundant","Not Synthetic Lethal",NA
"KATNAL1","KATNA1","FR_negative","True","synthetic_lethal","neither_in_PC9","SL_in_HeLa",-0.409527605151792,0.0896577129161692,-0.567894618728979,0.0332791875500847,"Borderline FR","Synthetic Lethal (moderate)",NA
"KBTBD7","KBTBD6","FR_positive","False","buffering","neither_in_PC9","buffering_in_HeLa",0.06889166303423,0.779554842609553,0.332166416067864,0.0302780535804314,"Not Functionally Redundant","Not Synthetic Lethal",NA
"KCNJ10","KCNJ15","FR_negative","False","neither","neither_in_PC9","neither_in_HeLa",-0.331969545780221,0.0722812854188897,-0.116253688569207,0.452044526994086,"Not Functionally Redundant","Not Synthetic Lethal",NA
"KCNJ11","KCNJ8","FR_positive","False","buffering","buffering_in_PC9","neither_in_HeLa",0.254295986597923,0.0903251792404103,0.132754696695262,0.375483960816291,"Not Functionally Redundant","Not Synthetic Lethal",NA
"KCNK13","KCNK12","FR_negative","False","neither","neither_in_PC9","neither_in_HeLa",-0.0846670844998196,0.600674515681081,-0.0400311532980941,0.800240802258979,"Not Functionally Redundant","Not Synthetic Lethal",NA
"KCTD2","KCTD5","FR_positive","False","buffering","neither_in_PC9","buffering_in_HeLa",0.162101638146518,0.388735106531645,0.257121146518456,0.0629706198607933,"Not Functionally Redundant","Not Synthetic Lethal",NA
"KDELC2","KDELC1","FR_positive","False","buffering","neither_in_PC9","buffering_in_HeLa",-0.106586766255957,0.591725880375623,0.335723977938799,0.0379995469067131,NA,NA,"Gene 'KDELC2' not found in the loaded dependency data."
"KIAA1324L","KIAA1324","FR_negative","False","neither","neither_in_PC9","neither_in_HeLa",0.1262740213267,0.579620884962609,0.0588052502685099,0.63046497535915,NA,NA,"Gene 'KIAA1324L' not found in the loaded dependency data."
"KIF21B","KIF21A","FR_positive","False","buffering","buffering_in_PC9","neither_in_HeLa",0.449992319067477,0.0110907085208473,-0.0916186886291913,0.730017580907386,"Not Functionally Redundant","Not Synthetic Lethal",NA
"KIF3C","KIF3B","FR_positive","False","buffering","buffering_in_PC9","neither_in_HeLa",0.328820507232475,0.0813769946255765,0.0991480468203978,0.660862247969056,"Not Functionally Redundant","Not Synthetic Lethal",NA
"KIF4B","KIF4A","FR_positive","False","buffering","neither_in_PC9","buffering_in_HeLa",0.155870615658943,0.666441333696052,0.454013031681772,0.0591673694429273,"Not Functionally Redundant","Not Synthetic Lethal",NA
"LANCL2","LANCL1","FR_negative","False","neither","neither_in_PC9","neither_in_HeLa",0.15769794927059,0.714119629755693,0.201226494463816,0.250851625521808,"Not Functionally Redundant","Not Synthetic Lethal",NA
"LARGE2","LARGE1","FR_negative","False","neither","neither_in_PC9","neither_in_HeLa",-0.297752766779736,0.129905353265095,-0.0805586158745806,0.749862358570255,"Not Functionally Redundant","Not Synthetic Lethal",NA
"LCE3E","LCE3D","FR_negative","False","neither","neither_in_PC9","neither_in_HeLa",0.310356082540961,0.442491374908994,0.153065185329214,0.377806085440341,NA,NA,"Data coverage gap: LCE3D is present in the CRISPR dependency data, but missing from the mutation data. This means mutation- and/or expression-based loss can't be computed for this gene, so any SL/FR result involving it would silently look like 'zero mutations / insufficient data' rather than a genuine negative. Check the exact gene symbol used in your OmicsSomaticMutationsMatrixDamaging.csv and OmicsExpressionTPMLogp1... column headers (naming/alias mismatches are the most common cause), or this gene may simply not be covered by that particular DepMap release."
"LDLRAD4","PMEPA1","FR_negative","False","neither","neither_in_PC9","neither_in_HeLa",-0.0253439556589512,0.896780338491375,0.154020896640647,0.377806085440341,"Not Functionally Redundant","Not Synthetic Lethal",NA
"LGR6","LGR5","FR_positive","False","buffering","neither_in_PC9","buffering_in_HeLa",-0.382784410471702,0.205903425406309,0.258026702510449,0.0146421815729845,"Not Functionally Redundant","Not Synthetic Lethal",NA
"LIN28B","LIN28A","FR_positive","False","buffering","buffering_in_PC9","buffering_in_HeLa",0.478786247326513,0.0286085467107444,0.367119843248283,0.0460296565527878,"Not Functionally Redundant","Not Synthetic Lethal",NA
"LRP1B","LRP1","FR_negative","False","neither","neither_in_PC9","neither_in_HeLa",-0.0447835901158961,0.859119528045418,-0.230588215915911,0.249849289600969,"Not Functionally Redundant","Not Synthetic Lethal",NA
"MAB21L2","MAB21L1","FR_positive","False","buffering","buffering_in_PC9","neither_in_HeLa",0.524445104370165,0.0221689307001366,0.0044686220975386,0.984954094108547,"Functional Redundancy (moderate)","Not Synthetic Lethal",NA
"MAN2A2","MAN2A1","FR_negative","False","neither","neither_in_PC9","neither_in_HeLa",0.414072611119696,0.125830514388479,-0.073192484513287,0.585257825104069,"Not Functionally Redundant","Not Synthetic Lethal",NA
"MAOB","MAOA","FR_negative","False","neither","neither_in_PC9","neither_in_HeLa",0.0633140873866674,0.824283504737409,-0.323391287063217,0.0334716379659348,"Not Functionally Redundant","Not Synthetic Lethal",NA
"MAP2K2","MAP2K1","FR_negative","True","synthetic_lethal","SL_in_PC9","SL_in_HeLa",-0.721690315276671,0.0393032346317903,-0.839199045537795,0.00204101347317298,NA,NA,"Data coverage gap: MAP2K2 is present in the CRISPR dependency data, but missing from the mutation data. This means mutation- and/or expression-based loss can't be computed for this gene, so any SL/FR result involving it would silently look like 'zero mutations / insufficient data' rather than a genuine negative. Check the exact gene symbol used in your OmicsSomaticMutationsMatrixDamaging.csv and OmicsExpressionTPMLogp1... column headers (naming/alias mismatches are the most common cause), or this gene may simply not be covered by that particular DepMap release."
"MAP3K3","MAP3K2","FR_negative","False","neither","neither_in_PC9","neither_in_HeLa",-0.17314072217294,0.658946991849498,-0.234433654890838,0.208202819758582,"Not Functionally Redundant","Synthetic Lethal (moderate)",NA
"MAPK3","MAPK1","FR_negative","True","synthetic_lethal","SL_in_PC9","SL_in_HeLa",-0.940215342721903,0.0123896152008641,-0.509334187878798,0.0463729894372626,"Not Functionally Redundant","Not Synthetic Lethal",NA
"MAPKAPK3","MAPKAPK2","FR_negative","False","neither","neither_in_PC9","neither_in_HeLa",-0.442320001789034,0.224444903118638,-0.018676046690273,0.939386177073696,"Not Functionally Redundant","Not Synthetic Lethal",NA
"MAPRE3","MAPRE1","FR_negative","False","neither","neither_in_PC9","neither_in_HeLa",-0.387786407798672,0.0903251792404103,-0.0615545977489605,0.778665964976481,"Not Functionally Redundant","Not Synthetic Lethal",NA
"MBOAT2","MBOAT1","FR_negative","False","neither","neither_in_PC9","neither_in_HeLa",0.168858026428711,0.500733850951878,0.0214137702221081,0.933091560638182,"Not Functionally Redundant","Not Synthetic Lethal",NA
"MED13L","MED13","FR_negative","True","synthetic_lethal","SL_in_PC9","SL_in_HeLa",-0.920488492120532,0.00443255185616877,-0.692921502146387,0.000186618787915352,"Not Functionally Redundant","Synthetic Lethal (moderate)",NA
"MEGF11","MEGF10","FR_positive","False","buffering","buffering_in_PC9","neither_in_HeLa",0.397676511702722,0.0172644113914888,0.0830222932798718,0.687893783326639,"Borderline FR","Synthetic Lethal (moderate)",NA
"METTL7B","METTL7A","FR_positive","False","buffering","buffering_in_PC9","neither_in_HeLa",0.789799895434558,0.0262602768199889,-0.142798147146074,0.42461214771291,NA,NA,"Gene 'METTL7B' not found in the loaded dependency data."
"MFN2","MFN1","FR_negative","True","synthetic_lethal","neither_in_PC9","SL_in_HeLa",0.169899651713903,0.343795951335848,-0.544020117667894,0.0120136337783998,"Not Functionally Redundant","Not Synthetic Lethal",NA
"MMD2","MMD","FR_positive","False","buffering","buffering_in_PC9","neither_in_HeLa",0.364791933527512,0.0189017669537701,0.0622611752914906,0.841425348610244,"Not Functionally Redundant","Synthetic Lethal (moderate)",NA
"MOAP1","PNMA1","FR_positive","False","buffering","neither_in_PC9","buffering_in_HeLa",0.376039714250212,0.257816820900764,0.3534046789741,0.0529500849010528,"Not Functionally Redundant","Not Synthetic Lethal",NA
"MOGAT2","MOGAT1","FR_negative","False","neither","neither_in_PC9","neither_in_HeLa",-0.0980408224229008,0.716417681229574,-0.0137445474557257,0.908200540030752,NA,NA,"Data coverage gap: MOGAT1 is present in the CRISPR dependency data, but missing from the mutation data. This means mutation- and/or expression-based loss can't be computed for this gene, so any SL/FR result involving it would silently look like 'zero mutations / insufficient data' rather than a genuine negative. Check the exact gene symbol used in your OmicsSomaticMutationsMatrixDamaging.csv and OmicsExpressionTPMLogp1... column headers (naming/alias mismatches are the most common cause), or this gene may simply not be covered by that particular DepMap release."
"MPP3","MPP7","FR_negative","False","neither","neither_in_PC9","neither_in_HeLa",0.0980690323554944,0.481644330272611,-0.077087754954239,0.357947030829839,"Not Functionally Redundant","Not Synthetic Lethal",NA
"MPST","TST","FR_negative","False","neither","neither_in_PC9","neither_in_HeLa",0.116875840269557,0.494584466102537,-0.137338897979994,0.329169152587928,"Not Functionally Redundant","Not Synthetic Lethal",NA
"MRFAP1L1","MRFAP1","FR_positive","False","buffering","neither_in_PC9","buffering_in_HeLa",0.0129167679987534,0.95534939258497,0.491412588517986,0.0261675251096235,"Not Functionally Redundant","Not Synthetic Lethal",NA
"MSX2","MSX1","FR_positive","False","buffering","buffering_in_PC9","neither_in_HeLa",0.35492548873517,0.0846608460157326,-0.0126481883711999,0.913147633689776,"Not Functionally Redundant","Not Synthetic Lethal",NA
"MTHFD2L","MTHFD2","FR_negative","False","neither","neither_in_PC9","neither_in_HeLa",-0.0521496765972211,0.878485589868904,0.0172209428717661,0.893050147711314,"Not Functionally Redundant","Not Synthetic Lethal",NA
"MTSS1L","MTSS1","FR_positive","False","buffering","buffering_in_PC9","neither_in_HeLa",0.35180461250474,0.0280291785984897,0.0971793175166074,0.587050855710298,NA,NA,"Gene 'MTSS1L' not found in the loaded dependency data."
"NABP2","NABP1","FR_negative","True","synthetic_lethal","SL_in_PC9","neither_in_HeLa",-0.742828709660667,0.0731954231694591,-0.775917214726015,0.193722119654525,NA,NA,"Data coverage gap: NABP1 is present in the CRISPR dependency data, but missing from the mutation data. This means mutation- and/or expression-based loss can't be computed for this gene, so any SL/FR result involving it would silently look like 'zero mutations / insufficient data' rather than a genuine negative. Check the exact gene symbol used in your OmicsSomaticMutationsMatrixDamaging.csv and OmicsExpressionTPMLogp1... column headers (naming/alias mismatches are the most common cause), or this gene may simply not be covered by that particular DepMap release."
"NAPB","NAPA","FR_positive","False","buffering","neither_in_PC9","buffering_in_HeLa",-0.0874701887256264,0.791574640419193,0.543138268279852,0.00244231746296761,"Not Functionally Redundant","Not Synthetic Lethal",NA
"NBPF3","NBPF15","FR_negative","False","neither","neither_in_PC9","neither_in_HeLa",0.658132317055433,0.135078324176892,0.566268776197073,0.330976016204642,NA,NA,"Gene 'NBPF15' not found in the loaded dependency data."
"NDEL1","NDE1","FR_negative","True","synthetic_lethal","SL_in_PC9","SL_in_HeLa",-0.681312385258971,0.00692560368129786,-1.15322846263026,0.00155905740962722,"Functional Redundancy","Synthetic Lethal (moderate)",NA
"NDUFA4L2","NDUFA4","FR_negative","False","neither","neither_in_PC9","neither_in_HeLa",0.352490180671464,0.194738629555741,0.0658033200525287,0.435175493358614,NA,NA,"Data coverage gap: NDUFA4L2 is present in the CRISPR dependency data, but missing from the mutation data. This means mutation- and/or expression-based loss can't be computed for this gene, so any SL/FR result involving it would silently look like 'zero mutations / insufficient data' rather than a genuine negative. Check the exact gene symbol used in your OmicsSomaticMutationsMatrixDamaging.csv and OmicsExpressionTPMLogp1... column headers (naming/alias mismatches are the most common cause), or this gene may simply not be covered by that particular DepMap release."
"NECAP2","NECAP1","FR_positive","False","buffering","neither_in_PC9","buffering_in_HeLa",0.234664327952688,0.271771293642759,0.326863636027075,0.0834123328667294,"Borderline FR","Not Synthetic Lethal",NA
"NELL2","NELL1","FR_negative","False","neither","neither_in_PC9","neither_in_HeLa",-0.239422787741241,0.395250645733692,0.257436300162228,0.360986960341723,"Not Functionally Redundant","Not Synthetic Lethal",NA
"NIPAL1","NIPA2","FR_positive","False","buffering","buffering_in_PC9","neither_in_HeLa",0.627276096608747,0.0700113403463171,0.0521793967527278,0.673254913256158,"Not Functionally Redundant","Not Synthetic Lethal",NA
"NIPSNAP3B","NIPSNAP3A","FR_positive","False","buffering","neither_in_PC9","buffering_in_HeLa",-0.239453676324782,0.374096536511896,0.501631184552362,0.0825308573129604,"Not Functionally Redundant","Not Synthetic Lethal",NA
"NLN","THOP1","FR_negative","False","neither","neither_in_PC9","neither_in_HeLa",-0.109980886013053,0.416540051840833,-0.115072412342405,0.427743552978195,"Not Functionally Redundant","Not Synthetic Lethal",NA
"NLRP7","NLRP2","FR_negative","False","neither","neither_in_PC9","neither_in_HeLa",-0.0135951631917257,0.949039084191582,0.087208378494327,0.498214011153234,"Not Functionally Redundant","Not Synthetic Lethal",NA
"NMT2","NMT1","FR_negative","False","neither","neither_in_PC9","neither_in_HeLa",-0.159774758931002,0.56474827293422,-0.275958212628121,0.602945151218972,"Not Functionally Redundant","Synthetic Lethal",NA
"NONO","PSPC1","FR_negative","True","synthetic_lethal","SL_in_PC9","neither_in_HeLa",-0.798364482296829,0.0280291785984897,-0.43727145221088,0.147051624964556,"Not Functionally Redundant","Synthetic Lethal (moderate)",NA
"NPTX2","NPTX1","FR_positive","False","buffering","neither_in_PC9","buffering_in_HeLa",-0.0389931511488087,0.890324819070324,0.609670587569551,0.0379995469067131,"Not Functionally Redundant","Not Synthetic Lethal",NA
"NR1H3","NR1H2","FR_negative","False","neither","neither_in_PC9","neither_in_HeLa",-0.407252248097298,0.0849650182561863,0.0685835703206438,0.705971147554522,"Not Functionally Redundant","Not Synthetic Lethal",NA
"NTNG2","NTNG1","FR_negative","False","neither","neither_in_PC9","neither_in_HeLa",0.0489667557674748,0.867901328718523,0.112896633608759,0.469266763036373,"Not Functionally Redundant","Not Synthetic Lethal",NA
"NUCB2","NUCB1","FR_negative","False","neither","neither_in_PC9","neither_in_HeLa",0.0942773416574954,0.735643196306999,-0.0192811062878063,0.856569912778477,"Not Functionally Redundant","Not Synthetic Lethal",NA
"NUMBL","NUMB","FR_positive","False","buffering","buffering_in_PC9","neither_in_HeLa",0.310709087004525,0.0895650594896148,0.227257589714126,0.144655257374817,"Not Functionally Redundant","Not Synthetic Lethal",NA
"NXT2","NXT1","FR_negative","False","neither","neither_in_PC9","neither_in_HeLa",-0.497594917138625,0.161750025308605,-1.54761768649226,0.14491202620441,NA,NA,"Data coverage gap: NXT2 and NXT1 are present in the CRISPR dependency data, but missing from the mutation data. This means mutation- and/or expression-based loss can't be computed for this gene, so any SL/FR result involving it would silently look like 'zero mutations / insufficient data' rather than a genuine negative. Check the exact gene symbol used in your OmicsSomaticMutationsMatrixDamaging.csv and OmicsExpressionTPMLogp1... column headers (naming/alias mismatches are the most common cause), or this gene may simply not be covered by that particular DepMap release."
"OCM2","OCM","FR_positive","False","buffering","buffering_in_PC9","neither_in_HeLa",0.371413867665414,0.0700113403463171,0.25691073345832,0.243004041846746,"Not Functionally Redundant","Not Synthetic Lethal",NA
"OGDHL","OGDH","FR_positive","False","buffering","buffering_in_PC9","neither_in_HeLa",0.414584629041443,0.0846608460157326,0.19292164402183,0.127926086890585,"Not Functionally Redundant","Not Synthetic Lethal",NA
"OTUD7B","OTUD7A","FR_negative","False","neither","neither_in_PC9","neither_in_HeLa",0.0932413979134763,0.683197111837713,-0.00604124910881737,0.951159086727449,"Not Functionally Redundant","Not Synthetic Lethal",NA
"OXSR1","STK39","FR_negative","True","synthetic_lethal","SL_in_PC9","neither_in_HeLa",-1.03410743420795,0.00429876433221743,-0.562953049627902,0.122119038669539,"Functional Redundancy (moderate)","Synthetic Lethal (moderate)",NA
"P2RY4","P2RY2","FR_negative","False","neither","neither_in_PC9","neither_in_HeLa",-0.19293441750137,0.36248992548441,0.103648950726099,0.43604637806125,"Not Functionally Redundant","Not Synthetic Lethal",NA
"P4HA2","P4HA1","FR_negative","False","neither","neither_in_PC9","neither_in_HeLa",-0.0699322386163349,0.858783178816715,-0.199875059448332,0.177961687861698,"Not Functionally Redundant","Not Synthetic Lethal",NA
"PACS2","PACS1","FR_negative","False","neither","neither_in_PC9","neither_in_HeLa",0.0266691892460811,0.869909158987141,0.0897694247695387,0.734309700551849,"Not Functionally Redundant","Not Synthetic Lethal",NA
"PAPSS2","PAPSS1","FR_negative","False","neither","neither_in_PC9","neither_in_HeLa",0.0311370607090223,0.945362003938006,-0.293608080562016,0.257540090257419,"Not Functionally Redundant","Synthetic Lethal (moderate)",NA
"PCMTD2","PCMTD1","FR_negative","True","synthetic_lethal","neither_in_PC9","SL_in_HeLa",-0.115828193792791,0.662647086960036,-0.518556021429879,0.00181787827842826,"Not Functionally Redundant","Not Synthetic Lethal",NA
"PDE1B","PDE1A","FR_positive","False","buffering","buffering_in_PC9","neither_in_HeLa",0.665166147569062,0.00434771918329734,-0.145785153050304,0.3994462674697,"Not Functionally Redundant","Not Synthetic Lethal",NA
"PDE6H","PDE6G","FR_positive","False","buffering","buffering_in_PC9","neither_in_HeLa",0.54567251686284,0.00290224447068119,-0.0956671324138366,0.619621494716428,"Not Functionally Redundant","Not Synthetic Lethal",NA
"PDS5B","PDS5A","FR_negative","True","synthetic_lethal","SL_in_PC9","neither_in_HeLa",-1.11559415777634,0.0188568244762264,-1.15163362724992,0.243004041846746,"Functional Redundancy","Synthetic Lethal (moderate)",NA
"PFN2","PFN1","FR_negative","True","synthetic_lethal","neither_in_PC9","SL_in_HeLa",-0.146477536625962,0.735643196306999,-0.522723229355584,0.0557187781457326,"Not Functionally Redundant","Synthetic Lethal (moderate)",NA
"PGK2","PGK1","FR_negative","False","neither","neither_in_PC9","neither_in_HeLa",0.157368757884701,0.74177782758586,0.0129597631936615,0.942144096874262,NA,NA,"Data coverage gap: PGK1 is present in the CRISPR dependency data, but missing from the mutation data. This means mutation- and/or expression-based loss can't be computed for this gene, so any SL/FR result involving it would silently look like 'zero mutations / insufficient data' rather than a genuine negative. Check the exact gene symbol used in your OmicsSomaticMutationsMatrixDamaging.csv and OmicsExpressionTPMLogp1... column headers (naming/alias mismatches are the most common cause), or this gene may simply not be covered by that particular DepMap release."
"PHKG2","PHKG1","FR_negative","False","neither","neither_in_PC9","neither_in_HeLa",-0.111661754583103,0.499108955954865,0.239092622250413,0.39235697856078,"Not Functionally Redundant","Not Synthetic Lethal",NA
"PHTF2","PHTF1","FR_negative","False","neither","neither_in_PC9","neither_in_HeLa",-0.341869821360558,0.295891346705242,0.125682265240206,0.370123200434612,"Not Functionally Redundant","Not Synthetic Lethal",NA
"PHYHIPL","PHYHIP","FR_positive","False","buffering","neither_in_PC9","buffering_in_HeLa",-0.0458744479543694,0.852804374270781,0.313359225004649,0.0970354175151266,"Not Functionally Redundant","Not Synthetic Lethal",NA
"PITPNB","PITPNA","FR_negative","True","synthetic_lethal","SL_in_PC9","neither_in_HeLa",-0.874533943286153,0.0280291785984897,-1.18142170396602,0.214076344229569,"Functional Redundancy (moderate)","Synthetic Lethal (moderate)",NA
"PLAGL2","PLAG1","FR_negative","True","synthetic_lethal","SL_in_PC9","neither_in_HeLa",-0.513359237892854,0.0652780019186975,-0.0421908272064743,0.817306038192679,"Not Functionally Redundant","Not Synthetic Lethal",NA
"PLCB3","PLCB1","FR_negative","False","neither","neither_in_PC9","neither_in_HeLa",0.194279070726944,0.35819879949224,-0.145564891719651,0.528821138437649,"Not Functionally Redundant","Not Synthetic Lethal",NA
"PLCL2","PLCL1","FR_negative","True","synthetic_lethal","neither_in_PC9","SL_in_HeLa",-0.326587170674889,0.129905353265095,-0.550750306156679,0.00482148412881116,"Not Functionally Redundant","Not Synthetic Lethal",NA
"PMM2","PMM1","FR_negative","True","synthetic_lethal","SL_in_PC9","SL_in_HeLa",-0.777829491903941,0.0472498663433496,-0.853573821757028,0.00785824851615727,"Not Functionally Redundant","Synthetic Lethal (moderate)",NA
"PMPCB","UQCRC1","FR_positive","False","buffering","buffering_in_PC9","neither_in_HeLa",0.931334883208372,0.00142486909847364,0.591569772200975,0.188484238569255,"Not Functionally Redundant","Not Synthetic Lethal",NA
"POM121C","POM121","FR_negative","True","synthetic_lethal","SL_in_PC9","neither_in_HeLa",-0.663248072731595,0.0398789067126165,-0.167380686437069,0.408462763085459,NA,NA,"Data coverage gap: POM121C and POM121 are present in the CRISPR dependency data, but missing from the mutation data. This means mutation- and/or expression-based loss can't be computed for this gene, so any SL/FR result involving it would silently look like 'zero mutations / insufficient data' rather than a genuine negative. Check the exact gene symbol used in your OmicsSomaticMutationsMatrixDamaging.csv and OmicsExpressionTPMLogp1... column headers (naming/alias mismatches are the most common cause), or this gene may simply not be covered by that particular DepMap release."
"PPA2","PPA1","FR_negative","False","neither","neither_in_PC9","neither_in_HeLa",-0.450704667304027,0.172887238405046,-0.455133676478531,0.287401452001464,"Not Functionally Redundant","Not Synthetic Lethal",NA
"PPIP5K2","PPIP5K1","FR_negative","False","neither","neither_in_PC9","neither_in_HeLa",-0.185142838190837,0.735643196306999,0.329591437035234,0.112126744351162,"Not Functionally Redundant","Not Synthetic Lethal",NA
"PPP2R1B","PPP2R1A","FR_negative","True","synthetic_lethal","SL_in_PC9","neither_in_HeLa",-0.607686314992587,0.0407703344891154,-0.419755768042158,0.266943778584561,"Not Functionally Redundant","Synthetic Lethal (moderate)",NA
"PRELID3B","PRELID3A","FR_negative","True","synthetic_lethal","neither_in_PC9","SL_in_HeLa",-0.287074762464261,0.494584466102537,-0.534165571191883,0.0661114477723645,NA,NA,"Data coverage gap: PRELID3A is present in the CRISPR dependency data, but missing from the mutation data. This means mutation- and/or expression-based loss can't be computed for this gene, so any SL/FR result involving it would silently look like 'zero mutations / insufficient data' rather than a genuine negative. Check the exact gene symbol used in your OmicsSomaticMutationsMatrixDamaging.csv and OmicsExpressionTPMLogp1... column headers (naming/alias mismatches are the most common cause), or this gene may simply not be covered by that particular DepMap release."
"PREX2","PREX1","FR_negative","False","neither","neither_in_PC9","neither_in_HeLa",-0.103771585225243,0.683197111837713,0.0535513698366518,0.665431112098983,"Not Functionally Redundant","Not Synthetic Lethal",NA
"PRKAR1B","PRKAR1A","FR_negative","True","synthetic_lethal","neither_in_PC9","SL_in_HeLa",0.157031716203391,0.421111393054053,-0.623684105757971,0.00373920028510982,"Borderline FR","Not Synthetic Lethal",NA
"PRMT8","PRMT1","FR_negative","False","neither","neither_in_PC9","neither_in_HeLa",-0.876324530872249,0.191640650215044,-0.0999728361053389,0.704069852974216,"Not Functionally Redundant","Not Synthetic Lethal",NA
"PRPSAP2","PRPSAP1","FR_negative","False","neither","neither_in_PC9","neither_in_HeLa",0.00416020902307839,0.990830155136424,-0.16622369723117,0.333095169439309,"Not Functionally Redundant","Not Synthetic Lethal",NA
"PRSS41","PRSS21","FR_negative","False","neither","neither_in_PC9","neither_in_HeLa",0.0154256775548072,0.940889181334354,0.174082219688568,0.311974107506825,"Not Functionally Redundant","Not Synthetic Lethal",NA
"PSMB6","PSMB9","FR_negative","True","synthetic_lethal","neither_in_PC9","SL_in_HeLa",-0.0677152389445021,0.768477209938714,-0.539832535525746,0.0834123328667294,"Not Functionally Redundant","Synthetic Lethal",NA
"PTGS2","PTGS1","FR_negative","False","neither","neither_in_PC9","neither_in_HeLa",-0.2885383748726,0.240786248692876,0.158069367041348,0.468686070623177,"Not Functionally Redundant","Not Synthetic Lethal",NA
"PTPN11","PTPN6","FR_negative","False","neither","neither_in_PC9","neither_in_HeLa",-0.114284630614655,0.731442679868563,-0.264032070248764,0.33200525485249,"Not Functionally Redundant","Not Synthetic Lethal",NA
"PUM2","PUM1","FR_negative","True","synthetic_lethal","neither_in_PC9","SL_in_HeLa",-0.421744502980551,0.05387153008595,-0.697076760078606,0.00795454149402788,"Not Functionally Redundant","Not Synthetic Lethal",NA
"PXDNL","PXDN","FR_negative","False","neither","neither_in_PC9","neither_in_HeLa",0.158113706616083,0.396703864278972,0.0177543302404573,0.934755726662356,"Not Functionally Redundant","Not Synthetic Lethal",NA
"RAB22A","RAB31","FR_negative","False","neither","neither_in_PC9","neither_in_HeLa",0.059266505743887,0.861876756076394,0.20993386178811,0.249849289600969,"Not Functionally Redundant","Not Synthetic Lethal",NA
"RAB27B","RAB27A","FR_positive","False","buffering","buffering_in_PC9","neither_in_HeLa",0.349084123488377,0.0762049896640204,0.0623324191210084,0.654497016000009,"Not Functionally Redundant","Not Synthetic Lethal",NA
"RABL2B","RABL2A","FR_negative","True","synthetic_lethal","SL_in_PC9","neither_in_HeLa",-0.67105674130955,0.0123896152008641,0.0318671937308125,0.931363155023316,NA,NA,"Data coverage gap: RABL2B and RABL2A are present in the CRISPR dependency data, but missing from the mutation data. This means mutation- and/or expression-based loss can't be computed for this gene, so any SL/FR result involving it would silently look like 'zero mutations / insufficient data' rather than a genuine negative. Check the exact gene symbol used in your OmicsSomaticMutationsMatrixDamaging.csv and OmicsExpressionTPMLogp1... column headers (naming/alias mismatches are the most common cause), or this gene may simply not be covered by that particular DepMap release."
"RAD23B","RAD23A","FR_negative","False","neither","neither_in_PC9","neither_in_HeLa",0.363022424514437,0.225177851782058,-0.24323698513228,0.302523175752597,"Not Functionally Redundant","Synthetic Lethal (moderate)",NA
"RALB","RALA","FR_negative","True","synthetic_lethal","SL_in_PC9","SL_in_HeLa",-0.948573740328754,0.00854149385110398,-0.913154278496667,0.00101265301164534,"Borderline FR","Synthetic Lethal (moderate)",NA
"RALGPS2","RALGPS1","FR_negative","False","neither","neither_in_PC9","neither_in_HeLa",0.0882350617556081,0.735643196306999,-0.0855112388438273,0.625023409333316,"Not Functionally Redundant","Not Synthetic Lethal",NA
"RASL10B","RASL10A","FR_negative","False","neither","neither_in_PC9","neither_in_HeLa",0.0811047894676395,0.573030905531125,0.0610702320297862,0.768423858898843,"Not Functionally Redundant","Not Synthetic Lethal",NA
"RBBP7","RBBP4","FR_negative","True","synthetic_lethal","neither_in_PC9","SL_in_HeLa",-0.267329710209621,0.15350059404962,-1.62555823310419,0.0253130366652487,"Not Functionally Redundant","Synthetic Lethal (moderate)",NA
"RBM38","RBM24","FR_negative","False","neither","neither_in_PC9","neither_in_HeLa",0.102596497556746,0.683197111837713,0.209519809595537,0.454770970824946,"Not Functionally Redundant","Not Synthetic Lethal",NA
"RCAN3","RCAN2","FR_positive","False","buffering","buffering_in_PC9","neither_in_HeLa",0.533429394889911,0.0846608460157326,-0.125960566031383,0.527011565260235,NA,NA,"Data coverage gap: RCAN2 is present in the CRISPR dependency data, but missing from the mutation data. This means mutation- and/or expression-based loss can't be computed for this gene, so any SL/FR result involving it would silently look like 'zero mutations / insufficient data' rather than a genuine negative. Check the exact gene symbol used in your OmicsSomaticMutationsMatrixDamaging.csv and OmicsExpressionTPMLogp1... column headers (naming/alias mismatches are the most common cause), or this gene may simply not be covered by that particular DepMap release."
"RCBTB2","RCBTB1","FR_positive","False","buffering","buffering_in_PC9","neither_in_HeLa",0.38089203480527,0.0774265981212294,-0.0438009243556151,0.898905233937162,"Not Functionally Redundant","Not Synthetic Lethal",NA
"REEP6","REEP5","FR_negative","False","neither","neither_in_PC9","neither_in_HeLa",-0.154144110356996,0.474723444120181,-0.163551499230279,0.277572457933381,"Borderline FR","Synthetic Lethal (moderate)",NA
"RFX3","RFX2","FR_positive","False","buffering","neither_in_PC9","buffering_in_HeLa",-0.314433717812502,0.0700113403463171,0.296535226420194,0.0202369296117205,"Not Functionally Redundant","Not Synthetic Lethal",NA
"RGS19","RGS17","FR_negative","False","neither","neither_in_PC9","neither_in_HeLa",0.346149465246231,0.132227082065068,0.079989093822009,0.730017580907386,"Functional Redundancy (moderate)","Synthetic Lethal (moderate)",NA
"RGS7","RGS6","FR_negative","False","neither","neither_in_PC9","neither_in_HeLa",0.337950966727269,0.307680606109284,0.251676385431006,0.306207657116401,"Not Functionally Redundant","Not Synthetic Lethal",NA
"RHBDL3","RHBDL1","FR_negative","False","neither","neither_in_PC9","neither_in_HeLa",0.172376464395729,0.307680606109284,-0.0262547454281717,0.83331219828741,"Not Functionally Redundant","Not Synthetic Lethal",NA
"RHEBL1","RHEB","FR_negative","False","neither","neither_in_PC9","neither_in_HeLa",0.17296327469,0.340360452657008,0.140698791227353,0.660447689115517,"Not Functionally Redundant","Not Synthetic Lethal",NA
"RIT2","RIT1","FR_negative","False","neither","neither_in_PC9","neither_in_HeLa",-0.0289470907303903,0.940889181334354,-0.237982653020751,0.237480889847403,NA,NA,"Data coverage gap: RIT1 is present in the CRISPR dependency data, but missing from the mutation data. This means mutation- and/or expression-based loss can't be computed for this gene, so any SL/FR result involving it would silently look like 'zero mutations / insufficient data' rather than a genuine negative. Check the exact gene symbol used in your OmicsSomaticMutationsMatrixDamaging.csv and OmicsExpressionTPMLogp1... column headers (naming/alias mismatches are the most common cause), or this gene may simply not be covered by that particular DepMap release."
"RLN2","RLN1","FR_negative","False","neither","neither_in_PC9","neither_in_HeLa",-0.299759648747095,0.42964011810295,-0.0777053929190191,0.517387344083856,"Not Functionally Redundant","Not Synthetic Lethal",NA
"RNF113B","RNF113A","FR_positive","False","buffering","neither_in_PC9","buffering_in_HeLa",-0.442896590817511,0.212228331304456,0.541452518265692,0.0354614084639594,NA,NA,"Data coverage gap: RNF113B is present in the CRISPR dependency data, but missing from the mutation data. This means mutation- and/or expression-based loss can't be computed for this gene, so any SL/FR result involving it would silently look like 'zero mutations / insufficient data' rather than a genuine negative. Check the exact gene symbol used in your OmicsSomaticMutationsMatrixDamaging.csv and OmicsExpressionTPMLogp1... column headers (naming/alias mismatches are the most common cause), or this gene may simply not be covered by that particular DepMap release."
"RNF121","RNF175","FR_positive","False","buffering","buffering_in_PC9","neither_in_HeLa",0.400313913405018,0.012471385132969,0.051637820988275,0.7056756122285,"Not Functionally Redundant","Not Synthetic Lethal",NA
"ROCK2","ROCK1","FR_negative","True","synthetic_lethal","SL_in_PC9","neither_in_HeLa",-1.01103354950255,0.0208682638983803,-0.419299218045039,0.00785824851615727,"Borderline FR","Synthetic Lethal (moderate)",NA
"RPL10L","RPL10","FR_negative","False","neither","neither_in_PC9","neither_in_HeLa",-0.211905082345212,0.511957006175534,-0.655914366664853,0.190616231607446,"Not Functionally Redundant","Not Synthetic Lethal",NA
"RPL22L1","RPL22","FR_negative","True","synthetic_lethal","SL_in_PC9","SL_in_HeLa",-0.585730356824647,0.0562830746635062,-1.07485282586149,0.0332791875500847,"Functional Redundancy (moderate)","Synthetic Lethal (moderate)",NA
"RPL3","RPL3L","FR_negative","False","neither","neither_in_PC9","neither_in_HeLa",0.142706206499113,0.614327743824605,0.209659773360708,0.406637173589391,"Not Functionally Redundant","Not Synthetic Lethal",NA
"RPRML","RPRM","FR_negative","True","synthetic_lethal","SL_in_PC9","neither_in_HeLa",-0.767863191713245,0.042538631744945,-0.477027748850042,0.170179725543147,NA,NA,"Data coverage gap: RPRML is present in the CRISPR dependency data, but missing from the mutation data. This means mutation- and/or expression-based loss can't be computed for this gene, so any SL/FR result involving it would silently look like 'zero mutations / insufficient data' rather than a genuine negative. Check the exact gene symbol used in your OmicsSomaticMutationsMatrixDamaging.csv and OmicsExpressionTPMLogp1... column headers (naming/alias mismatches are the most common cause), or this gene may simply not be covered by that particular DepMap release."
"RPS27L","RPS27","FR_negative","True","synthetic_lethal","SL_in_PC9","SL_in_HeLa",-0.555034599397951,0.0858547556286865,-1.13813257817882,0.0146421815729845,NA,NA,"Gene 'RPS27' not found in the loaded dependency data."
"RPS6KA5","RPS6KA4","FR_negative","False","neither","neither_in_PC9","neither_in_HeLa",-0.202812104934916,0.591260998793217,-0.203724688354008,0.177961687861698,"Not Functionally Redundant","Not Synthetic Lethal",NA
"RRAGB","RRAGA","FR_negative","True","synthetic_lethal","SL_in_PC9","neither_in_HeLa",-0.718494552600027,0.0169561751742481,0.174608351473402,0.370123200434612,"Borderline FR","Synthetic Lethal (moderate)",NA
"RRM2B","RRM2","FR_negative","True","synthetic_lethal","SL_in_PC9","neither_in_HeLa",-0.518512536546789,0.0846608460157326,-0.0743329243572415,0.855038126898368,"Not Functionally Redundant","Not Synthetic Lethal",NA
"RUNDC3B","RUNDC3A","FR_negative","False","neither","neither_in_PC9","neither_in_HeLa",-0.266660048338422,0.191640650215044,0.00197546199401099,0.997698676083572,"Not Functionally Redundant","Not Synthetic Lethal",NA
"SAFB2","SAFB","FR_negative","True","synthetic_lethal","SL_in_PC9","neither_in_HeLa",-0.708339257434132,0.0125912332454636,-0.121650850713634,0.596587380003248,"Not Functionally Redundant","Not Synthetic Lethal",NA
"SAMD9L","SAMD9","FR_negative","False","neither","neither_in_PC9","neither_in_HeLa",0.162751823565676,0.614327743824605,0.130448365734969,0.449652344126625,"Not Functionally Redundant","Not Synthetic Lethal",NA
"SAR1B","SAR1A","FR_negative","True","synthetic_lethal","SL_in_PC9","neither_in_HeLa",-0.507707594109129,0.0544802663068899,-0.684660111614055,0.142889265264944,"Not Functionally Redundant","Synthetic Lethal (moderate)",NA
"SCD5","SCD","FR_negative","False","neither","neither_in_PC9","neither_in_HeLa",-0.14817035971147,0.735643196306999,0.117797767431932,0.553838922674078,"Not Functionally Redundant","Not Synthetic Lethal",NA
"SDK2","SDK1","FR_negative","False","neither","neither_in_PC9","neither_in_HeLa",-0.172951877764675,0.511957006175534,0.11779020839478,0.360986960341723,"Not Functionally Redundant","Not Synthetic Lethal",NA
"SEC11C","SEC11A","FR_negative","True","synthetic_lethal","neither_in_PC9","SL_in_HeLa",0.0616824045188534,0.813869054972289,-0.814899968171304,0.00763595317721375,"Not Functionally Redundant","Synthetic Lethal (moderate)",NA
"SEC23B","SEC23A","FR_negative","True","synthetic_lethal","SL_in_PC9","SL_in_HeLa",-0.646594164933417,0.0293254381011125,-1.04537717507565,0.000852659698507737,"Functional Redundancy (moderate)","Synthetic Lethal",NA
"SEC24B","SEC24A","FR_negative","True","synthetic_lethal","SL_in_PC9","SL_in_HeLa",-1.11833921072253,0.00246310751023258,-0.651448452404026,0.0360918055823125,"Not Functionally Redundant","Not Synthetic Lethal",NA
"SEC24D","SEC24C","FR_negative","True","synthetic_lethal","neither_in_PC9","SL_in_HeLa",-0.566559582846535,0.147051699149722,-0.728744509237765,0.00373920028510982,"Borderline FR","Synthetic Lethal (moderate)",NA
"SEMA5B","SEMA5A","FR_negative","False","neither","neither_in_PC9","neither_in_HeLa",0.360994799384157,0.193362425855569,0.120630022192268,0.357947030829839,"Not Functionally Redundant","Not Synthetic Lethal",NA
"SEPHS2","SEPHS1","FR_negative","True","synthetic_lethal","SL_in_PC9","neither_in_HeLa",-0.785506612483384,0.0142128189945872,0.153898008083007,0.416655614935862,"Not Functionally Redundant","Not Synthetic Lethal",NA
"SETSIP","SET","FR_positive","False","buffering","neither_in_PC9","buffering_in_HeLa",0.206421504044862,0.357139075467134,0.271641061311532,0.0288069663788996,NA,NA,"Gene 'SETSIP' not found in the loaded dependency data."
"SGTB","SGTA","FR_positive","False","buffering","neither_in_PC9","buffering_in_HeLa",-0.119016609454876,0.735643196306999,0.289706496077174,0.0851307324184559,"Not Functionally Redundant","Not Synthetic Lethal",NA
"SH3BGRL2","SH3BGRL","FR_negative","False","neither","neither_in_PC9","neither_in_HeLa",0.267725766287585,0.180178381001333,0.0117092058837929,0.939386177073696,"Not Functionally Redundant","Not Synthetic Lethal",NA
"SHMT2","SHMT1","FR_negative","True","synthetic_lethal","SL_in_PC9","SL_in_HeLa",-0.583544697110004,0.00418187625235077,-0.665686018368854,0.000765001533544676,"Not Functionally Redundant","Not Synthetic Lethal",NA
"SHOX2","SHOX","FR_positive","False","buffering","neither_in_PC9","buffering_in_HeLa",0.219757563218374,0.400836291261171,0.297326058086801,0.0426956131987973,"Not Functionally Redundant","Not Synthetic Lethal",NA
"SLC16A3","SLC16A8","FR_negative","False","neither","neither_in_PC9","neither_in_HeLa",0.0565444620413079,0.813869054972289,-0.0491598647191536,0.726523998793116,"Functional Redundancy (moderate)","Not Synthetic Lethal",NA
"SLC20A2","SLC20A1","FR_negative","True","synthetic_lethal","neither_in_PC9","SL_in_HeLa",-0.517917998818896,0.206325620086395,-1.01975661071785,0.0705421611492169,"Not Functionally Redundant","Not Synthetic Lethal",NA
"SLC22A5","SLC22A4","FR_positive","False","buffering","neither_in_PC9","buffering_in_HeLa",0.0821924056970295,0.735643196306999,0.441895428691659,0.00373920028510982,"Not Functionally Redundant","Not Synthetic Lethal",NA
"SLC23A2","SLC23A1","FR_negative","False","neither","neither_in_PC9","neither_in_HeLa",-0.247223220890534,0.395250645733692,-0.159116772526415,0.585159358368505,"Not Functionally Redundant","Not Synthetic Lethal",NA
"SLC24A4","SLC24A3","FR_negative","False","neither","neither_in_PC9","neither_in_HeLa",-0.150867151096527,0.240786248692876,0.014348798986488,0.951159086727449,"Not Functionally Redundant","Not Synthetic Lethal",NA
"SLC25A13","SLC25A12","FR_positive","False","buffering","buffering_in_PC9","neither_in_HeLa",0.423471380387492,0.009042223736678,0.0486480813314614,0.654793591234716,"Not Functionally Redundant","Not Synthetic Lethal",NA
"SLC25A14","SLC25A30","FR_negative","False","neither","neither_in_PC9","neither_in_HeLa",-0.0789204225152668,0.682589269453393,-0.148366811836431,0.576255564887689,"Not Functionally Redundant","Not Synthetic Lethal",NA
"SLC25A18","SLC25A22","FR_negative","False","neither","neither_in_PC9","neither_in_HeLa",0.145109413060255,0.442491374908994,-0.0773888683392721,0.705971147554522,"Not Functionally Redundant","Not Synthetic Lethal",NA
"SLC25A28","SLC25A37","FR_negative","True","synthetic_lethal","SL_in_PC9","SL_in_HeLa",-0.943552614259296,0.000488524264108664,-0.687042597846178,0.0571507137137977,"Not Functionally Redundant","Synthetic Lethal",NA
"SLC25A52","SLC25A51","FR_negative","False","neither","neither_in_PC9","neither_in_HeLa",-0.109000006151873,0.589125827844628,-0.144180127373468,0.416655614935862,"Not Functionally Redundant","Not Synthetic Lethal",NA
"SLC27A1","SLC27A4","FR_negative","False","neither","neither_in_PC9","neither_in_HeLa",-0.233997804255102,0.24061357101446,-0.193213463071243,0.147051624964556,"Not Functionally Redundant","Not Synthetic Lethal",NA
"SLC37A2","SLC37A1","FR_positive","False","buffering","buffering_in_PC9","neither_in_HeLa",0.286076550334834,0.0807427288640289,0.0294017946163896,0.636279029553185,"Not Functionally Redundant","Not Synthetic Lethal",NA
"SLC5A8","SLC5A12","FR_positive","False","buffering","neither_in_PC9","buffering_in_HeLa",0.24470971570567,0.0906236015342422,0.366791558945754,0.0253130366652487,"Not Functionally Redundant","Not Synthetic Lethal",NA
"SLC6A17","SLC6A15","FR_positive","False","buffering","neither_in_PC9","buffering_in_HeLa",-0.0368930040778793,0.89911367276494,0.432060969281842,0.00373920028510982,"Not Functionally Redundant","Not Synthetic Lethal",NA
"SLC7A7","SLC7A6","FR_negative","False","neither","neither_in_PC9","neither_in_HeLa",0.0616379713675483,0.858783178816715,-0.0510774077153698,0.840752526141588,"Not Functionally Redundant","Not Synthetic Lethal",NA
"SLC9A4","SLC9A2","FR_negative","False","neither","neither_in_PC9","neither_in_HeLa",-0.142193773310851,0.380265760247915,-0.0964748414509312,0.237480889847403,"Not Functionally Redundant","Not Synthetic Lethal",NA
"SLC9B2","SLC9B1","FR_negative","False","neither","neither_in_PC9","neither_in_HeLa",-0.0651477189671329,0.758641079117611,-0.133256801660064,0.283578527885011,"Not Functionally Redundant","Not Synthetic Lethal",NA
"SMARCA1","SMARCA5","FR_negative","False","neither","neither_in_PC9","neither_in_HeLa",-0.109629246482049,0.751444916496567,-0.0988759688084246,0.745610818796955,"Not Functionally Redundant","Not Synthetic Lethal",NA
"SMURF2","SMURF1","FR_negative","False","neither","neither_in_PC9","neither_in_HeLa",-0.0574776525405192,0.824283504737409,-0.184662109187824,0.326598866991771,"Not Functionally Redundant","Not Synthetic Lethal",NA
"SNRPA","SNRPB2","FR_negative","True","synthetic_lethal","SL_in_PC9","neither_in_HeLa",-0.605664091614967,0.0472498663433496,-0.496255141747087,0.0579622384051685,"Not Functionally Redundant","Synthetic Lethal",NA
"SOS2","SOS1","FR_negative","True","synthetic_lethal","neither_in_PC9","SL_in_HeLa",-0.0974708853739791,0.750000238520529,-0.929326289043155,0.00155905740962722,"Not Functionally Redundant","Not Synthetic Lethal",NA
"SOX14","SOX21","FR_positive","False","buffering","buffering_in_PC9","neither_in_HeLa",0.371507182660474,0.0700113403463171,0.0628002830865456,0.730017580907386,"Not Functionally Redundant","Not Synthetic Lethal",NA
"SPOCK3","SPOCK1","FR_negative","False","neither","neither_in_PC9","neither_in_HeLa",0.278574024321159,0.346312642406372,-0.105280706347553,0.54585452124157,"Not Functionally Redundant","Not Synthetic Lethal",NA
"SPOPL","SPOP","FR_negative","True","synthetic_lethal","SL_in_PC9","neither_in_HeLa",-1.0387016772045,0.0406891780681938,-0.321253449286625,0.44775662301138,"Not Functionally Redundant","Not Synthetic Lethal",NA
"SPTAN1","SPTA1","FR_positive","False","buffering","buffering_in_PC9","neither_in_HeLa",0.354479903743577,0.0875500502074337,-0.0153809476952053,0.920898737761705,"Not Functionally Redundant","Not Synthetic Lethal",NA
"SRGAP2C","SRGAP2B","FR_positive","False","buffering","buffering_in_PC9","neither_in_HeLa",0.466631375362609,0.0131364514739187,0.425469075748648,0.177961687861698,NA,NA,"Gene 'SRGAP2B' not found in the loaded dependency data."
"SRSF9","SRSF1","FR_negative","False","neither","neither_in_PC9","neither_in_HeLa",-0.310735040819137,0.338654065087654,0.165904993535574,0.922516659909323,NA,NA,"Data coverage gap: SRSF9 is present in the CRISPR dependency data, but missing from the mutation data. This means mutation- and/or expression-based loss can't be computed for this gene, so any SL/FR result involving it would silently look like 'zero mutations / insufficient data' rather than a genuine negative. Check the exact gene symbol used in your OmicsSomaticMutationsMatrixDamaging.csv and OmicsExpressionTPMLogp1... column headers (naming/alias mismatches are the most common cause), or this gene may simply not be covered by that particular DepMap release."
"ST8SIA4","ST8SIA2","FR_negative","False","neither","neither_in_PC9","neither_in_HeLa",0.441147569064167,0.338654065087654,0.287672800567543,0.246959053363789,"Not Functionally Redundant","Not Synthetic Lethal",NA
"STAG2","STAG1","FR_negative","True","synthetic_lethal","SL_in_PC9","neither_in_HeLa",-0.887660742824935,0.0112029375513993,-0.752176299616765,0.127926086890585,"Functional Redundancy (moderate)","Synthetic Lethal",NA
"STAM2","STAM","FR_negative","True","synthetic_lethal","SL_in_PC9","neither_in_HeLa",-0.601636088398048,0.0522113539123482,-0.275678488894794,0.108914522495025,"Functional Redundancy","Synthetic Lethal (moderate)",NA
"STAT5B","STAT5A","FR_negative","False","neither","neither_in_PC9","neither_in_HeLa",-0.319778568866508,0.0818195687081307,-0.134674555622853,0.39235697856078,"Not Functionally Redundant","Not Synthetic Lethal",NA
"STK3","STK4","FR_negative","False","neither","neither_in_PC9","neither_in_HeLa",0.171187258281237,0.697806781729485,-0.0683260162827776,0.679424305466099,"Not Functionally Redundant","Not Synthetic Lethal",NA
"STX10","STX6","FR_negative","False","neither","neither_in_PC9","neither_in_HeLa",0.204478450668352,0.294953286177707,-0.0355310046513336,0.826920635072352,"Not Functionally Redundant","Not Synthetic Lethal",NA
"STX12","STX7","FR_negative","True","synthetic_lethal","neither_in_PC9","SL_in_HeLa",-0.068828672655345,0.840729907898647,-0.539735062912827,0.0357653805788222,"Borderline FR","Synthetic Lethal (moderate)",NA
"SUV39H2","SUV39H1","FR_negative","False","neither","neither_in_PC9","neither_in_HeLa",-0.172671384750935,0.535808975175862,-0.0668484600158568,0.7056756122285,NA,NA,"Data coverage gap: SUV39H1 is present in the CRISPR dependency data, but missing from the mutation data. This means mutation- and/or expression-based loss can't be computed for this gene, so any SL/FR result involving it would silently look like 'zero mutations / insufficient data' rather than a genuine negative. Check the exact gene symbol used in your OmicsSomaticMutationsMatrixDamaging.csv and OmicsExpressionTPMLogp1... column headers (naming/alias mismatches are the most common cause), or this gene may simply not be covered by that particular DepMap release."
"SYNGR3","SYNGR1","FR_positive","False","buffering","neither_in_PC9","buffering_in_HeLa",0.123764335259887,0.56474827293422,0.320106841379748,0.0146421815729845,"Not Functionally Redundant","Not Synthetic Lethal",NA
"TACR3","TACR1","FR_negative","False","neither","neither_in_PC9","neither_in_HeLa",-0.137258825744798,0.485134671832334,0.0655680100066498,0.730017580907386,"Not Functionally Redundant","Not Synthetic Lethal",NA
"TBC1D22B","TBC1D22A","FR_positive","False","buffering","buffering_in_PC9","neither_in_HeLa",0.315286050966764,0.0885146131947055,-0.306692410473071,0.073664641603128,"Not Functionally Redundant","Not Synthetic Lethal",NA
"TBX18","TBX15","FR_negative","False","neither","neither_in_PC9","neither_in_HeLa",0.222603424676772,0.482943275591139,-0.272754512921534,0.285511291136249,"Not Functionally Redundant","Not Synthetic Lethal",NA
"TCAF2","TCAF1","FR_negative","False","neither","neither_in_PC9","neither_in_HeLa",0.170196426966341,0.562202315261349,-0.0621382140582997,0.681654805088647,NA,NA,"Data coverage gap: TCAF2 is present in the CRISPR dependency data, but missing from the mutation data. This means mutation- and/or expression-based loss can't be computed for this gene, so any SL/FR result involving it would silently look like 'zero mutations / insufficient data' rather than a genuine negative. Check the exact gene symbol used in your OmicsSomaticMutationsMatrixDamaging.csv and OmicsExpressionTPMLogp1... column headers (naming/alias mismatches are the most common cause), or this gene may simply not be covered by that particular DepMap release."
"TGFB3","TGFB2","FR_positive","False","buffering","buffering_in_PC9","neither_in_HeLa",0.393106337439348,0.0879780006506753,-0.11106620072703,0.377806085440341,"Not Functionally Redundant","Not Synthetic Lethal",NA
"TIAL1","TIA1","FR_negative","True","synthetic_lethal","SL_in_PC9","SL_in_HeLa",-0.969587605415926,0.00153702500702475,-1.10031182166397,0.00128642068435686,"Not Functionally Redundant","Not Synthetic Lethal",NA
"TIMM17B","TIMM17A","FR_negative","True","synthetic_lethal","neither_in_PC9","SL_in_HeLa",-0.243338350128773,0.562202315261349,-1.27250688186778,0.00868952118957267,NA,NA,"Data coverage gap: TIMM17A is present in the CRISPR dependency data, but missing from the mutation data. This means mutation- and/or expression-based loss can't be computed for this gene, so any SL/FR result involving it would silently look like 'zero mutations / insufficient data' rather than a genuine negative. Check the exact gene symbol used in your OmicsSomaticMutationsMatrixDamaging.csv and OmicsExpressionTPMLogp1... column headers (naming/alias mismatches are the most common cause), or this gene may simply not be covered by that particular DepMap release."
"TLK2","TLK1","FR_negative","True","synthetic_lethal","SL_in_PC9","SL_in_HeLa",-1.02131235445562,0.0286085467107444,-0.812007941283658,0.0332791875500847,"Not Functionally Redundant","Not Synthetic Lethal",NA
"TLR6","TLR1","FR_negative","False","neither","neither_in_PC9","neither_in_HeLa",-0.0921540281694603,0.681949339269968,-0.364522777080998,0.0463729894372626,"Not Functionally Redundant","Not Synthetic Lethal",NA
"TMED3","TMED7","FR_negative","True","synthetic_lethal","neither_in_PC9","SL_in_HeLa",-0.0748877874232238,0.751865272155377,-0.541970421686557,0.0239464461183069,"Not Functionally Redundant","Synthetic Lethal (moderate)",NA
"TMEM120B","TMEM120A","FR_negative","False","neither","neither_in_PC9","neither_in_HeLa",-0.285082498417247,0.0612945043668892,0.0995102246129808,0.521601682878796,"Not Functionally Redundant","Not Synthetic Lethal",NA
"TMEM184B","TMEM184A","FR_negative","False","neither","neither_in_PC9","neither_in_HeLa",-0.169385953502975,0.539214753588339,-0.306006049807117,0.237480889847403,"Not Functionally Redundant","Not Synthetic Lethal",NA
"TMEM185B","TMEM185A","FR_negative","False","neither","neither_in_PC9","neither_in_HeLa",0.157694167264921,0.431505881934156,0.00110154239376947,0.997253342734625,"Borderline FR","Synthetic Lethal (moderate)",NA
"TMEM50B","TMEM50A","FR_negative","False","neither","neither_in_PC9","neither_in_HeLa",-0.0122032934346824,0.956161248507199,0.252919317911488,0.325351950962601,"Not Functionally Redundant","Not Synthetic Lethal",NA
"TMEM9B","TMEM9","FR_negative","False","neither","neither_in_PC9","neither_in_HeLa",0.0858025036737018,0.579620884962609,-0.0330766860462056,0.836457226512285,NA,NA,"Data coverage gap: TMEM9 is present in the CRISPR dependency data, but missing from the mutation data. This means mutation- and/or expression-based loss can't be computed for this gene, so any SL/FR result involving it would silently look like 'zero mutations / insufficient data' rather than a genuine negative. Check the exact gene symbol used in your OmicsSomaticMutationsMatrixDamaging.csv and OmicsExpressionTPMLogp1... column headers (naming/alias mismatches are the most common cause), or this gene may simply not be covered by that particular DepMap release."
"TNKS2","TNKS","FR_negative","True","synthetic_lethal","SL_in_PC9","neither_in_HeLa",-0.589013060412819,0.0406891780681938,0.161631124813957,0.541526016936237,"Not Functionally Redundant","Not Synthetic Lethal",NA
"TOP1MT","TOP1","FR_negative","True","synthetic_lethal","neither_in_PC9","SL_in_HeLa",-0.266808970011859,0.421111393054053,-0.620208215853008,0.0273244545035504,"Not Functionally Redundant","Not Synthetic Lethal",NA
"TOP2B","TOP2A","FR_negative","True","synthetic_lethal","SL_in_PC9","neither_in_HeLa",-0.758604089987179,0.00684696131060639,-0.778644574563342,0.162053658526556,"Not Functionally Redundant","Not Synthetic Lethal",NA
"TPTE2","TPTE","FR_positive","False","buffering","buffering_in_PC9","neither_in_HeLa",0.380835137777227,0.0359707244431107,0.105563093529935,0.507026053590206,"Not Functionally Redundant","Not Synthetic Lethal",NA
"TRA2B","TRA2A","FR_negative","True","synthetic_lethal","SL_in_PC9","SL_in_HeLa",-0.683534484554747,0.0172644113914888,-1.13633497037294,0.00795454149402788,"Not Functionally Redundant","Synthetic Lethal",NA
"TRAPPC6B","TRAPPC6A","FR_negative","True","synthetic_lethal","buffering_in_PC9","SL_in_HeLa",0.273882285122998,0.0956123291799985,-0.562914753335301,0.00373920028510982,"Not Functionally Redundant","Not Synthetic Lethal",NA
"TRIB2","TRIB1","FR_negative","False","neither","neither_in_PC9","neither_in_HeLa",0.190787461624583,0.36248992548441,-0.133864280282113,0.257817791207905,"Not Functionally Redundant","Synthetic Lethal (moderate)",NA
"TRIM16L","TRIM16","FR_negative","True","synthetic_lethal","SL_in_PC9","neither_in_HeLa",-0.55790001800035,0.0625745232174506,-0.276263227731792,0.112126744351162,NA,NA,"Gene 'TRIM16L' not found in the loaded dependency data."
"TRIM3","TRIM2","FR_negative","False","neither","neither_in_PC9","neither_in_HeLa",0.0624828257056632,0.714119629755693,-0.118285186577754,0.332518327881287,"Not Functionally Redundant","Not Synthetic Lethal",NA
"TRIM63","TRIM54","FR_negative","True","synthetic_lethal","SL_in_PC9","neither_in_HeLa",-0.601966395673022,0.0652780019186975,-0.219256286636364,0.065080046845348,"Not Functionally Redundant","Not Synthetic Lethal",NA
"TRIM9","TRIM67","FR_positive","False","buffering","neither_in_PC9","buffering_in_HeLa",0.372004096939789,0.15350059404962,0.515013694682481,0.0571507137137977,"Not Functionally Redundant","Not Synthetic Lethal",NA
"TRPC5","TRPC4","FR_negative","False","neither","neither_in_PC9","neither_in_HeLa",-0.470812137381946,0.0846608460157326,0.0331457417667322,0.883161377093026,"Not Functionally Redundant","Not Synthetic Lethal",NA
"TSPAN4","TSPAN9","FR_positive","False","buffering","buffering_in_PC9","neither_in_HeLa",0.326725540201988,0.0544802663068899,0.117302294914896,0.418727872496367,"Not Functionally Redundant","Not Synthetic Lethal",NA
"TWF2","TWF1","FR_negative","False","neither","neither_in_PC9","neither_in_HeLa",0.491259290724219,0.183349477260435,-0.378130688470267,0.104491792585005,"Not Functionally Redundant","Not Synthetic Lethal",NA
"UBE2B","UBE2A","FR_negative","True","synthetic_lethal","SL_in_PC9","SL_in_HeLa",-0.873220416016868,0.0123896152008641,-0.709580936192471,0.0740473537382746,"Borderline FR","Not Synthetic Lethal",NA
"UCK2","UCK1","FR_positive","False","buffering","neither_in_PC9","buffering_in_HeLa",0.110113176610966,0.743827422990646,0.443915782207965,0.028591050685594,"Not Functionally Redundant","Not Synthetic Lethal",NA
"ULK2","ULK1","FR_negative","False","neither","neither_in_PC9","neither_in_HeLa",-0.0320392634526532,0.890324819070324,0.0157457919156784,0.934755726662356,"Borderline FR","Not Synthetic Lethal",NA
"UQCRHL","UQCRH","FR_positive","False","buffering","buffering_in_PC9","neither_in_HeLa",0.568226841579214,0.0903251792404103,0.046964266732079,0.889681996799004,"Not Functionally Redundant","Not Synthetic Lethal",NA
"USP13","USP5","FR_positive","False","buffering","buffering_in_PC9","neither_in_HeLa",0.573447731897152,0.0406891780681938,-0.024487995676355,0.939565667944299,"Not Functionally Redundant","Not Synthetic Lethal",NA
"USP32","USP6","FR_negative","True","synthetic_lethal","neither_in_PC9","SL_in_HeLa",-0.0357839330576993,0.904666367793926,-0.617391183254817,0.028591050685594,"Not Functionally Redundant","Not Synthetic Lethal",NA
"USP44","USP49","FR_negative","True","synthetic_lethal","SL_in_PC9","neither_in_HeLa",-0.569917984790017,0.0319189092894542,-0.286066982153256,0.146353326461474,"Not Functionally Redundant","Not Synthetic Lethal",NA
"USP9Y","USP9X","FR_negative","False","neither","neither_in_PC9","neither_in_HeLa",-0.289791051778479,0.35453901672356,-0.254558831239534,0.14491202620441,"Not Functionally Redundant","Not Synthetic Lethal",NA
"UTP14C","UTP14A","FR_negative","False","neither","neither_in_PC9","neither_in_HeLa",0.218776329636138,0.164055596227397,-0.0085626378522825,0.951159086727449,"Not Functionally Redundant","Not Synthetic Lethal",NA
"VAPB","VAPA","FR_negative","True","synthetic_lethal","SL_in_PC9","SL_in_HeLa",-0.600339643442432,0.0707784210103652,-0.765856267739818,0.0192105932657552,NA,NA,"Data coverage gap: VAPB is present in the CRISPR dependency data, but missing from the mutation data. This means mutation- and/or expression-based loss can't be computed for this gene, so any SL/FR result involving it would silently look like 'zero mutations / insufficient data' rather than a genuine negative. Check the exact gene symbol used in your OmicsSomaticMutationsMatrixDamaging.csv and OmicsExpressionTPMLogp1... column headers (naming/alias mismatches are the most common cause), or this gene may simply not be covered by that particular DepMap release."
"VPS4B","VPS4A","FR_negative","True","synthetic_lethal","SL_in_PC9","SL_in_HeLa",-0.935746875466242,0.0142128189945872,-1.23523304097082,0.0463729894372626,"Functional Redundancy (moderate)","Synthetic Lethal",NA
"WDFY2","WDFY1","FR_negative","False","neither","neither_in_PC9","neither_in_HeLa",-0.257158623444578,0.31690377031748,-0.0790268821085209,0.747434773381791,"Not Functionally Redundant","Not Synthetic Lethal",NA
"WNT10B","WNT10A","FR_negative","False","neither","neither_in_PC9","neither_in_HeLa",-0.130487414779888,0.503256585780701,-0.0832503205911984,0.474073117347643,"Not Functionally Redundant","Not Synthetic Lethal",NA
"WNT2B","WNT2","FR_negative","False","neither","neither_in_PC9","neither_in_HeLa",0.0794257093042514,0.715049992226198,-0.137876869777668,0.408369018365552,"Not Functionally Redundant","Not Synthetic Lethal",NA
"WNT7B","WNT7A","FR_negative","False","neither","neither_in_PC9","neither_in_HeLa",-0.0534615250703849,0.826642786326692,-0.18045216206032,0.154115777520943,"Borderline FR","Synthetic Lethal (moderate)",NA
"WNT8B","WNT8A","FR_negative","False","neither","neither_in_PC9","neither_in_HeLa",-0.223847354791559,0.371781754651805,-0.000579806422767378,0.984954094108547,"Not Functionally Redundant","Not Synthetic Lethal",NA
"WNT9B","WNT9A","FR_positive","False","buffering","neither_in_PC9","buffering_in_HeLa",0.0615524719750211,0.768477209938714,0.362446643042497,0.0146421815729845,"Not Functionally Redundant","Not Synthetic Lethal",NA
"YBX3","YBX1","FR_negative","False","neither","neither_in_PC9","neither_in_HeLa",-0.0663696394578983,0.696110404739972,-0.227594151255905,0.370123200434612,"Not Functionally Redundant","Synthetic Lethal (moderate)",NA
"ZCCHC12","ZCCHC18","FR_negative","False","neither","neither_in_PC9","neither_in_HeLa",0.179923906478852,0.208017654912078,0.153132528215123,0.177961687861698,"Functional Redundancy (moderate)","Not Synthetic Lethal",NA
"ZFAND6","ZFAND5","FR_positive","False","buffering","buffering_in_PC9","neither_in_HeLa",0.763221031934121,0.0399088991850201,0.249773619691619,0.107287500797516,"Not Functionally Redundant","Synthetic Lethal (moderate)",NA
"ZFP69B","ZFP69","FR_positive","False","buffering","neither_in_PC9","buffering_in_HeLa",-0.0334808824804539,0.919712215213502,0.405249528601323,0.0273244545035504,"Not Functionally Redundant","Not Synthetic Lethal",NA
"ZMIZ2","ZMIZ1","FR_negative","False","neither","neither_in_PC9","neither_in_HeLa",-0.244581239254871,0.185317563344975,-0.211426067077082,0.17106747703812,"Not Functionally Redundant","Synthetic Lethal (moderate)",NA
"ZNF143","ZNF76","FR_negative","True","synthetic_lethal","SL_in_PC9","neither_in_HeLa",-0.7274251050404,0.00155354372424691,-0.274205599334496,0.263802755051281,"Not Functionally Redundant","Not Synthetic Lethal",NA
"ZNF175","ZNF81","FR_positive","False","buffering","neither_in_PC9","buffering_in_HeLa",-0.130907615321423,0.56474827293422,0.296722903071673,0.0833401963739068,"Not Functionally Redundant","Not Synthetic Lethal",NA
"ZNF24","ZNF396","FR_negative","False","neither","neither_in_PC9","neither_in_HeLa",-0.113749836904306,0.743827422990646,0.0221334189046328,0.862403026784003,"Not Functionally Redundant","Not Synthetic Lethal",NA
"ZNF280B","ZNF280A","FR_positive","False","buffering","neither_in_PC9","buffering_in_HeLa",-0.37018083742398,0.0497402450378125,0.442086364201796,0.0286486804479048,"Not Functionally Redundant","Not Synthetic Lethal",NA
"ZNF300","ZNF630","FR_negative","False","neither","neither_in_PC9","neither_in_HeLa",0.425565568847321,0.111523866578304,-0.00824899559890265,0.951159086727449,"Not Functionally Redundant","Not Synthetic Lethal",NA
"ZNF324B","ZNF324","FR_negative","False","neither","neither_in_PC9","neither_in_HeLa",-0.254901012281543,0.111523866578304,0.230072840613175,0.278085593296668,"Not Functionally Redundant","Not Synthetic Lethal",NA
"ZNF562","ZNF561","FR_positive","False","buffering","neither_in_PC9","buffering_in_HeLa",-0.134005585621438,0.496326378094841,0.330426073519862,0.0664599065893559,"Not Functionally Redundant","Not Synthetic Lethal",NA
