gene_a,gene_b,fr_label,sl_label,source_GI_flag,PC9_GI_flag,HeLa_GI_flag,PC9_GI_score,PC9_GI_fdr,HeLa_GI_score,HeLa_GI_fdr
CCNL2,CCNL1,FR_negative,True,synthetic_lethal,SL_in_PC9,SL_in_HeLa,-2.31378830103662,0.000165476537420071,-1.26108418597121,0.0261675251096235
CDK6,CDK4,FR_negative,True,synthetic_lethal,SL_in_PC9,neither_in_HeLa,-1.53756762504208,0.000340280033181014,-0.251834192554007,0.30738939143755
GSK3B,GSK3A,FR_negative,True,synthetic_lethal,SL_in_PC9,SL_in_HeLa,-1.42976711423091,0.00161770764072111,-1.65958010714093,0.01245087079164
G3BP2,G3BP1,FR_negative,True,synthetic_lethal,SL_in_PC9,neither_in_HeLa,-1.42939731587992,0.00469262529607357,0.0217836504687466,0.951159086727449
CNOT8,CNOT7,FR_negative,True,synthetic_lethal,SL_in_PC9,SL_in_HeLa,-1.2081817296025,0.00469262529607357,-2.06307927771428,2.21545562877921e-05
SEC24B,SEC24A,FR_negative,True,synthetic_lethal,SL_in_PC9,SL_in_HeLa,-1.11833921072253,0.00246310751023258,-0.651448452404026,0.0360918055823125
COQ10B,COQ10A,FR_negative,True,synthetic_lethal,SL_in_PC9,SL_in_HeLa,-1.11755246573245,0.00224148615389714,-0.577353666071444,0.0357653805788222
PDS5B,PDS5A,FR_negative,True,synthetic_lethal,SL_in_PC9,neither_in_HeLa,-1.11559415777634,0.0188568244762264,-1.15163362724992,0.243004041846746
ARPP19,ENSA,FR_negative,False,neither,neither_in_PC9,neither_in_HeLa,-1.08184395019483,0.135622289944679,-0.34612149880819,0.420764186767567
ACSL3,ACSL4,FR_negative,True,synthetic_lethal,SL_in_PC9,neither_in_HeLa,-1.04431786643056,0.0903251792404103,-0.558266037182725,0.120798541259436
HNRNPD,HNRNPAB,FR_negative,True,synthetic_lethal,SL_in_PC9,SL_in_HeLa,-1.04355143860198,0.00171480734160616,-0.796183683960377,0.0288069663788996
SPOPL,SPOP,FR_negative,True,synthetic_lethal,SL_in_PC9,neither_in_HeLa,-1.0387016772045,0.0406891780681938,-0.321253449286625,0.44775662301138
OXSR1,STK39,FR_negative,True,synthetic_lethal,SL_in_PC9,neither_in_HeLa,-1.03410743420795,0.00429876433221743,-0.562953049627902,0.122119038669539
TLK2,TLK1,FR_negative,True,synthetic_lethal,SL_in_PC9,SL_in_HeLa,-1.02131235445562,0.0286085467107444,-0.812007941283658,0.0332791875500847
ROCK2,ROCK1,FR_negative,True,synthetic_lethal,SL_in_PC9,neither_in_HeLa,-1.01103354950255,0.0208682638983803,-0.419299218045039,0.00785824851615727
AKIRIN1,AKIRIN2,FR_negative,True,synthetic_lethal,SL_in_PC9,SL_in_HeLa,-1.00662537279486,0.00569710470314616,-0.610420180736048,0.0463729894372626
EIF1B,EIF1,FR_negative,True,synthetic_lethal,SL_in_PC9,SL_in_HeLa,-0.988709941003261,0.00418187625235077,-1.72331194866835,0.00373920028510982
AP2A1,AP2A2,FR_negative,True,synthetic_lethal,SL_in_PC9,SL_in_HeLa,-0.978456633785354,0.00327791815640032,-0.935470130547187,0.000765001533544676
CREBBP,EP300,FR_negative,True,synthetic_lethal,SL_in_PC9,neither_in_HeLa,-0.972710502399576,0.00131628881978621,-0.69142862498111,0.165067759415652
TIAL1,TIA1,FR_negative,True,synthetic_lethal,SL_in_PC9,SL_in_HeLa,-0.969587605415926,0.00153702500702475,-1.10031182166397,0.00128642068435686
CLASP2,CLASP1,FR_negative,False,neither,neither_in_PC9,neither_in_HeLa,-0.953300882435942,0.11424532745087,-0.315914274412177,0.257817791207905
RALB,RALA,FR_negative,True,synthetic_lethal,SL_in_PC9,SL_in_HeLa,-0.948573740328754,0.00854149385110398,-0.913154278496667,0.00101265301164534
SLC25A28,SLC25A37,FR_negative,True,synthetic_lethal,SL_in_PC9,SL_in_HeLa,-0.943552614259296,0.000488524264108664,-0.687042597846178,0.0571507137137977
MAPK3,MAPK1,FR_negative,True,synthetic_lethal,SL_in_PC9,SL_in_HeLa,-0.940215342721903,0.0123896152008641,-0.509334187878798,0.0463729894372626
VPS4B,VPS4A,FR_negative,True,synthetic_lethal,SL_in_PC9,SL_in_HeLa,-0.935746875466242,0.0142128189945872,-1.23523304097082,0.0463729894372626
MED13L,MED13,FR_negative,True,synthetic_lethal,SL_in_PC9,SL_in_HeLa,-0.920488492120532,0.00443255185616877,-0.692921502146387,0.000186618787915352
FAM50B,FAM50A,FR_negative,True,synthetic_lethal,SL_in_PC9,neither_in_HeLa,-0.920089751001843,0.00433035182926545,-0.241944357434214,0.144655257374817
ARFGEF1,ARFGEF2,FR_negative,True,synthetic_lethal,SL_in_PC9,SL_in_HeLa,-0.902706314774432,0.0142128189945872,-0.880733690076326,0.00478622497736652
CHML,CHM,FR_negative,True,synthetic_lethal,SL_in_PC9,neither_in_HeLa,-0.892350737611636,0.00469262529607357,-0.438950822480246,0.0867815913125113
DDX39B,DDX39A,FR_negative,True,synthetic_lethal,SL_in_PC9,SL_in_HeLa,-0.890236091278493,0.00476638670999158,-0.914332722660353,0.0332791875500847
COPG2,COPG1,FR_negative,True,synthetic_lethal,SL_in_PC9,neither_in_HeLa,-0.890003753453418,0.00934632264328018,-0.340719420357584,0.162053658526556
CSTF2T,CSTF2,FR_negative,True,synthetic_lethal,SL_in_PC9,SL_in_HeLa,-0.889570525738717,0.000440894732033466,-1.12298535081299,0.00178958702062457
STAG2,STAG1,FR_negative,True,synthetic_lethal,SL_in_PC9,neither_in_HeLa,-0.887660742824935,0.0112029375513993,-0.752176299616765,0.127926086890585
PRMT8,PRMT1,FR_negative,False,neither,neither_in_PC9,neither_in_HeLa,-0.876324530872249,0.191640650215044,-0.0999728361053389,0.704069852974216
PITPNB,PITPNA,FR_negative,True,synthetic_lethal,SL_in_PC9,neither_in_HeLa,-0.874533943286153,0.0280291785984897,-1.18142170396602,0.214076344229569
UBE2B,UBE2A,FR_negative,True,synthetic_lethal,SL_in_PC9,SL_in_HeLa,-0.873220416016868,0.0123896152008641,-0.709580936192471,0.0740473537382746
DMXL2,DMXL1,FR_negative,True,synthetic_lethal,SL_in_PC9,SL_in_HeLa,-0.82854738840855,0.00469262529607357,-0.634937156836048,0.0158452943956109
DYNC1I2,DYNC1I1,FR_negative,True,synthetic_lethal,SL_in_PC9,SL_in_HeLa,-0.82602915092792,0.00394640038799567,-0.560074424266195,0.0949148798057041
FAM126B,FAM126A,FR_negative,True,synthetic_lethal,SL_in_PC9,SL_in_HeLa,-0.818535403920363,0.0614425638383292,-0.587057151156682,0.0192563760900663
BRD3,BRD2,FR_negative,True,synthetic_lethal,SL_in_PC9,neither_in_HeLa,-0.815545796833664,0.00214079163484872,-0.441457246443665,0.208820277693774
AP1B1,AP2B1,FR_negative,True,synthetic_lethal,SL_in_PC9,neither_in_HeLa,-0.809113267264542,0.00429876433221743,-0.38510135113962,0.265241657108343
NONO,PSPC1,FR_negative,True,synthetic_lethal,SL_in_PC9,neither_in_HeLa,-0.798364482296829,0.0280291785984897,-0.43727145221088,0.147051624964556
SEPHS2,SEPHS1,FR_negative,True,synthetic_lethal,SL_in_PC9,neither_in_HeLa,-0.785506612483384,0.0142128189945872,0.153898008083007,0.416655614935862
PMM2,PMM1,FR_negative,True,synthetic_lethal,SL_in_PC9,SL_in_HeLa,-0.777829491903941,0.0472498663433496,-0.853573821757028,0.00785824851615727
RPRML,RPRM,FR_negative,True,synthetic_lethal,SL_in_PC9,neither_in_HeLa,-0.767863191713245,0.042538631744945,-0.477027748850042,0.170179725543147
TOP2B,TOP2A,FR_negative,True,synthetic_lethal,SL_in_PC9,neither_in_HeLa,-0.758604089987179,0.00684696131060639,-0.778644574563342,0.162053658526556
NABP2,NABP1,FR_negative,True,synthetic_lethal,SL_in_PC9,neither_in_HeLa,-0.742828709660667,0.0731954231694591,-0.775917214726015,0.193722119654525
CAB39L,CAB39,FR_negative,True,synthetic_lethal,SL_in_PC9,neither_in_HeLa,-0.74000808732091,0.0221689307001366,-0.10641243311699,0.761847950600607
GDI2,GDI1,FR_negative,True,synthetic_lethal,SL_in_PC9,neither_in_HeLa,-0.73003533569044,0.027880833778964,-0.409284774723276,0.0332791875500847
CHMP1B,CHMP1A,FR_negative,True,synthetic_lethal,SL_in_PC9,SL_in_HeLa,-0.728219646772727,0.0101906280962411,-0.587669011201961,0.00373920028510982
ZNF143,ZNF76,FR_negative,True,synthetic_lethal,SL_in_PC9,neither_in_HeLa,-0.7274251050404,0.00155354372424691,-0.274205599334496,0.263802755051281
EEF1A2,EEF1A1,FR_negative,True,synthetic_lethal,SL_in_PC9,neither_in_HeLa,-0.726839560023401,0.073623415432022,0.250995759101071,0.92632008203999
MAP2K2,MAP2K1,FR_negative,True,synthetic_lethal,SL_in_PC9,SL_in_HeLa,-0.721690315276671,0.0393032346317903,-0.839199045537795,0.00204101347317298
RRAGB,RRAGA,FR_negative,True,synthetic_lethal,SL_in_PC9,neither_in_HeLa,-0.718494552600027,0.0169561751742481,0.174608351473402,0.370123200434612
SAFB2,SAFB,FR_negative,True,synthetic_lethal,SL_in_PC9,neither_in_HeLa,-0.708339257434132,0.0125912332454636,-0.121650850713634,0.596587380003248
ACO1,IREB2,FR_negative,True,synthetic_lethal,SL_in_PC9,SL_in_HeLa,-0.701400687770477,0.0136097027522501,-0.708303270253948,0.00204101347317298
CLTCL1,CLTC,FR_negative,False,neither,neither_in_PC9,neither_in_HeLa,-0.699083819415218,0.212239336129002,0.480830137149888,0.231389044122647
TRA2B,TRA2A,FR_negative,True,synthetic_lethal,SL_in_PC9,SL_in_HeLa,-0.683534484554747,0.0172644113914888,-1.13633497037294,0.00795454149402788
NDEL1,NDE1,FR_negative,True,synthetic_lethal,SL_in_PC9,SL_in_HeLa,-0.681312385258971,0.00692560368129786,-1.15322846263026,0.00155905740962722
RABL2B,RABL2A,FR_negative,True,synthetic_lethal,SL_in_PC9,neither_in_HeLa,-0.67105674130955,0.0123896152008641,0.0318671937308125,0.931363155023316
POM121C,POM121,FR_negative,True,synthetic_lethal,SL_in_PC9,neither_in_HeLa,-0.663248072731595,0.0398789067126165,-0.167380686437069,0.408462763085459
CLVS2,CLVS1,FR_negative,False,neither,neither_in_PC9,neither_in_HeLa,-0.661150910563426,0.199168724644685,-0.016621932316046,0.942144096874262
ARPC5,ARPC5L,FR_negative,True,synthetic_lethal,SL_in_PC9,neither_in_HeLa,-0.656376187963873,0.00564808611544991,-0.400270322694219,0.0232277515598377
SEC23B,SEC23A,FR_negative,True,synthetic_lethal,SL_in_PC9,SL_in_HeLa,-0.646594164933417,0.0293254381011125,-1.04537717507565,0.000852659698507737
ARL8A,ARL8B,FR_negative,True,synthetic_lethal,SL_in_PC9,neither_in_HeLa,-0.64381725166942,0.00433035182926545,-0.204870701145738,0.587050855710298
DYNLL2,DYNLL1,FR_negative,True,synthetic_lethal,SL_in_PC9,neither_in_HeLa,-0.642414536668405,0.0359707244431107,-1.02412476887978,0.503042091402622
PSMB5,PSMB8,FR_negative,False,neither,neither_in_PC9,neither_in_HeLa,-0.636385076757806,0.210646127701106,0.0238860362921702,0.964506978602679
PRPF40B,PRPF40A,FR_negative,False,neither,neither_in_PC9,neither_in_HeLa,-0.619382040625641,0.193362425855569,-0.413403779205935,0.177961687861698
IMPDH2,IMPDH1,FR_negative,True,synthetic_lethal,SL_in_PC9,neither_in_HeLa,-0.618354017484011,0.00934632264328018,-0.286860269607253,0.188484238569255
ARPC1A,ARPC1B,FR_negative,True,synthetic_lethal,SL_in_PC9,neither_in_HeLa,-0.616737094581439,0.0073615516915253,-0.204519033327782,0.281336555992899
PPP2R1B,PPP2R1A,FR_negative,True,synthetic_lethal,SL_in_PC9,neither_in_HeLa,-0.607686314992587,0.0407703344891154,-0.419755768042158,0.266943778584561
SNRPA,SNRPB2,FR_negative,True,synthetic_lethal,SL_in_PC9,neither_in_HeLa,-0.605664091614967,0.0472498663433496,-0.496255141747087,0.0579622384051685
TRIM63,TRIM54,FR_negative,True,synthetic_lethal,SL_in_PC9,neither_in_HeLa,-0.601966395673022,0.0652780019186975,-0.219256286636364,0.065080046845348
STAM2,STAM,FR_negative,True,synthetic_lethal,SL_in_PC9,neither_in_HeLa,-0.601636088398048,0.0522113539123482,-0.275678488894794,0.108914522495025
MAGOHB,MAGOH,FR_negative,False,neither,neither_in_PC9,neither_in_HeLa,-0.601597222392213,0.17113968696053,-0.25205412816592,0.283425110594813
VAPB,VAPA,FR_negative,True,synthetic_lethal,SL_in_PC9,SL_in_HeLa,-0.600339643442432,0.0707784210103652,-0.765856267739818,0.0192105932657552
NAA11,NAA10,FR_negative,False,neither,neither_in_PC9,neither_in_HeLa,-0.59626456258105,0.193362425855569,-0.521265914650791,0.329169152587928
CDS2,CDS1,FR_negative,True,synthetic_lethal,SL_in_PC9,neither_in_HeLa,-0.589206342655651,0.0213346531048821,-0.457644435072989,0.197755178821162
TNKS2,TNKS,FR_negative,True,synthetic_lethal,SL_in_PC9,neither_in_HeLa,-0.589013060412819,0.0406891780681938,0.161631124813957,0.541526016936237
RPL22L1,RPL22,FR_negative,True,synthetic_lethal,SL_in_PC9,SL_in_HeLa,-0.585730356824647,0.0562830746635062,-1.07485282586149,0.0332791875500847
SHMT2,SHMT1,FR_negative,True,synthetic_lethal,SL_in_PC9,SL_in_HeLa,-0.583544697110004,0.00418187625235077,-0.665686018368854,0.000765001533544676
ATP6V1C1,ATP6V1C2,FR_negative,True,synthetic_lethal,SL_in_PC9,neither_in_HeLa,-0.582203176944449,0.0700113403463171,-0.385492721859948,0.0571507137137977
CKS2,CKS1B,FR_negative,True,synthetic_lethal,SL_in_PC9,SL_in_HeLa,-0.578087126773908,0.0144658407918538,-0.519032158918539,0.0642821360638702
USP44,USP49,FR_negative,True,synthetic_lethal,SL_in_PC9,neither_in_HeLa,-0.569917984790017,0.0319189092894542,-0.286066982153256,0.146353326461474
SEC24D,SEC24C,FR_negative,True,synthetic_lethal,neither_in_PC9,SL_in_HeLa,-0.566559582846535,0.147051699149722,-0.728744509237765,0.00373920028510982
CDK11B,CDK11A,FR_negative,True,synthetic_lethal,SL_in_PC9,neither_in_HeLa,-0.558547371461186,0.0221952888996995,0.0962383607110854,0.756167647410352
TRIM16L,TRIM16,FR_negative,True,synthetic_lethal,SL_in_PC9,neither_in_HeLa,-0.55790001800035,0.0625745232174506,-0.276263227731792,0.112126744351162
RPS27L,RPS27,FR_negative,True,synthetic_lethal,SL_in_PC9,SL_in_HeLa,-0.555034599397951,0.0858547556286865,-1.13813257817882,0.0146421815729845
DNAH17,DNAH11,FR_negative,True,synthetic_lethal,SL_in_PC9,neither_in_HeLa,-0.546851687131167,0.0198553339563296,-0.354634853249656,0.063649199311163
F11,KLKB1,FR_negative,True,synthetic_lethal,SL_in_PC9,neither_in_HeLa,-0.533826139504325,0.0412516484995031,0.0839764950317145,0.770087867958551
ARG1,ARG2,FR_negative,True,synthetic_lethal,SL_in_PC9,neither_in_HeLa,-0.527964066361007,0.0280291785984897,-0.148270008681804,0.510040965628859
ATP6V1E1,ATP6V1E2,FR_negative,True,synthetic_lethal,SL_in_PC9,neither_in_HeLa,-0.527283333259897,0.0705477131740315,-0.290016833589905,0.332518327881287
RRM2B,RRM2,FR_negative,True,synthetic_lethal,SL_in_PC9,neither_in_HeLa,-0.518512536546789,0.0846608460157326,-0.0743329243572415,0.855038126898368
SLC20A2,SLC20A1,FR_negative,True,synthetic_lethal,neither_in_PC9,SL_in_HeLa,-0.517917998818896,0.206325620086395,-1.01975661071785,0.0705421611492169
PLAGL2,PLAG1,FR_negative,True,synthetic_lethal,SL_in_PC9,neither_in_HeLa,-0.513359237892854,0.0652780019186975,-0.0421908272064743,0.817306038192679
ARID1A,ARID1B,FR_negative,True,synthetic_lethal,SL_in_PC9,neither_in_HeLa,-0.51227794934852,0.0608657179801657,-0.294519226261315,0.0570309231259684
BMP8B,BMP8A,FR_negative,True,synthetic_lethal,SL_in_PC9,neither_in_HeLa,-0.510139279767402,0.0879780006506753,0.00652918317480084,0.961890925342096
SAR1B,SAR1A,FR_negative,True,synthetic_lethal,SL_in_PC9,neither_in_HeLa,-0.507707594109129,0.0544802663068899,-0.684660111614055,0.142889265264944
DDX21,DDX50,FR_negative,False,neither,neither_in_PC9,neither_in_HeLa,-0.498500424394951,0.285496957567593,-0.127713463459058,0.474443569429093
DDX17,DDX5,FR_negative,False,neither,neither_in_PC9,neither_in_HeLa,-0.497713240843804,0.151377291177801,-0.361126252473126,0.48021878839608
NXT2,NXT1,FR_negative,False,neither,neither_in_PC9,neither_in_HeLa,-0.497594917138625,0.161750025308605,-1.54761768649226,0.14491202620441
AP1G1,AP1G2,FR_negative,False,neither,neither_in_PC9,neither_in_HeLa,-0.49756278492533,0.0142057138690656,-0.319788860677134,0.13515631427427
DNAH7,DNAH3,FR_negative,False,neither,neither_in_PC9,neither_in_HeLa,-0.495677810080522,0.111523866578304,-0.158216917721149,0.377806085440341
UGGT2,UGGT1,FR_negative,False,neither,neither_in_PC9,neither_in_HeLa,-0.494316213255403,0.298572028059827,-0.177279965325361,0.194707188387041
DYNC1LI2,DYNC1LI1,FR_negative,False,neither,neither_in_PC9,neither_in_HeLa,-0.489845667634755,0.321068914940709,-0.799897406400312,0.278842985083944
XCL2,XCL1,FR_negative,False,neither,neither_in_PC9,neither_in_HeLa,-0.489603679274682,0.20437966994299,-0.0973556577094697,0.709569969783325
IDH2,IDH1,FR_negative,False,neither,neither_in_PC9,neither_in_HeLa,-0.483815645652057,0.0296995238942616,0.074132928120795,0.729026697903909
WASHC2C,WASHC2A,FR_negative,False,neither,neither_in_PC9,neither_in_HeLa,-0.482303522304531,0.087272548841019,0.0509589922274111,0.781272388966406
TMED4,TMED9,FR_negative,False,neither,neither_in_PC9,neither_in_HeLa,-0.480396656416884,0.0412516484995031,-0.42835355271075,0.0288069663788996
SMARCA4,SMARCA2,FR_negative,False,neither,neither_in_PC9,neither_in_HeLa,-0.479363782246341,0.0595525729553123,-0.361071417652461,0.0192105932657552
TNPO2,TNPO1,FR_negative,False,neither,neither_in_PC9,neither_in_HeLa,-0.478796707166007,0.0846608460157326,-0.0826397335870672,0.815370000022513
LYPLA2,LYPLA1,FR_negative,False,neither,neither_in_PC9,neither_in_HeLa,-0.473530422653096,0.299177253213797,-0.182757773903756,0.196348725237759
HSP90AB1,HSP90AA1,FR_negative,True,synthetic_lethal,neither_in_PC9,SL_in_HeLa,-0.472424546745105,0.135622289944679,-0.916754905079339,0.0463729894372626
TRPC5,TRPC4,FR_negative,False,neither,neither_in_PC9,neither_in_HeLa,-0.470812137381946,0.0846608460157326,0.0331457417667322,0.883161377093026
DNAJC5B,DNAJC5,FR_negative,False,neither,neither_in_PC9,neither_in_HeLa,-0.464393761060555,0.0608657179801657,-0.245560884223092,0.276496666881903
CRKL,CRK,FR_negative,False,neither,neither_in_PC9,neither_in_HeLa,-0.463647962553622,0.00106977212686834,-0.393617466912306,0.0426956131987973
GRIP2,GRIP1,FR_negative,False,neither,neither_in_PC9,neither_in_HeLa,-0.462898579953546,0.00476638670999158,-0.0777438738724354,0.673254913256158
GPAT4,GPAT3,FR_negative,False,neither,neither_in_PC9,neither_in_HeLa,-0.462112922235846,0.115156388900574,-0.133111386006145,0.518650911221546
MAT2A,MAT1A,FR_negative,False,neither,neither_in_PC9,neither_in_HeLa,-0.459721303514197,0.0956123291799985,-0.156050179033287,0.518650911221546
SLC35D2,SLC35D1,FR_negative,False,neither,neither_in_PC9,neither_in_HeLa,-0.459338748834004,0.0142128189945872,0.0241302811935955,0.855038126898368
COX6A2,COX6A1,FR_negative,False,neither,neither_in_PC9,neither_in_HeLa,-0.458309805491356,0.022035481779286,-0.295027207799318,0.0564767886150574
EFNB2,EFNB1,FR_negative,False,neither,neither_in_PC9,neither_in_HeLa,-0.455465314310396,0.0956123291799985,-0.207134052468971,0.330976016204642
PPA2,PPA1,FR_negative,False,neither,neither_in_PC9,neither_in_HeLa,-0.450704667304027,0.172887238405046,-0.455133676478531,0.287401452001464
UAP1L1,UAP1,FR_negative,False,neither,neither_in_PC9,neither_in_HeLa,-0.450263830444929,0.0862745986499804,-0.268093582413318,0.21018099963591
CARHSP1,CSDC2,FR_negative,False,neither,neither_in_PC9,neither_in_HeLa,-0.443687200921179,0.00485864860344608,0.0218703545238722,0.923054288303797
RNF113B,RNF113A,FR_positive,False,buffering,neither_in_PC9,buffering_in_HeLa,-0.442896590817511,0.212228331304456,0.541452518265692,0.0354614084639594
ZNF552,ZNF587B,FR_negative,False,neither,neither_in_PC9,neither_in_HeLa,-0.442335682815025,0.122093598323463,-0.110568815383159,0.421338223388239
MAPKAPK3,MAPKAPK2,FR_negative,False,neither,neither_in_PC9,neither_in_HeLa,-0.442320001789034,0.224444903118638,-0.018676046690273,0.939386177073696
LHX4,LHX3,FR_negative,False,neither,neither_in_PC9,neither_in_HeLa,-0.43667332341388,0.0362779697091506,-0.275756802147045,0.162710209700941
ABHD4,ABHD5,FR_negative,False,neither,neither_in_PC9,neither_in_HeLa,-0.427436956987218,0.0700113403463171,-0.0788881999106896,0.738226467194986
CAPZA2,CAPZA1,FR_negative,False,neither,neither_in_PC9,neither_in_HeLa,-0.426328364044628,0.257816820900764,-0.242542390026014,0.198986351446821
HTN3,HTN1,FR_negative,False,neither,neither_in_PC9,neither_in_HeLa,-0.426259900298506,0.170618557401581,-0.120226187481932,0.405498837533829
INTS6L,INTS6,FR_negative,False,neither,neither_in_PC9,neither_in_HeLa,-0.425960661977758,0.340360452657008,0.137848401793501,0.55209226065763
ALG10,ALG10B,FR_negative,False,neither,neither_in_PC9,neither_in_HeLa,-0.423360368422799,0.0412516484995031,-0.272282635958855,0.507026053590206
OSBPL11,OSBPL10,FR_negative,False,neither,neither_in_PC9,neither_in_HeLa,-0.42218266105592,0.132592190128507,-0.21244271552577,0.360986960341723
PUM2,PUM1,FR_negative,True,synthetic_lethal,neither_in_PC9,SL_in_HeLa,-0.421744502980551,0.05387153008595,-0.697076760078606,0.00795454149402788
CXorf40B,CXorf40A,FR_negative,False,neither,neither_in_PC9,neither_in_HeLa,-0.416659141822718,0.0545788629652888,-0.193083422395346,0.434945857612717
ARHGAP35,ARHGAP5,FR_negative,False,neither,neither_in_PC9,neither_in_HeLa,-0.416603690883233,0.0398789067126165,0.0288907467279662,0.853080574141266
UNC45B,UNC45A,FR_negative,False,neither,neither_in_PC9,neither_in_HeLa,-0.414174129866961,0.0862745986499804,0.130896138253959,0.468686070623177
HMGCS2,HMGCS1,FR_negative,False,neither,neither_in_PC9,neither_in_HeLa,-0.410104735048204,0.213956667839265,-0.364205770176263,0.738226467194986
KATNAL1,KATNA1,FR_negative,True,synthetic_lethal,neither_in_PC9,SL_in_HeLa,-0.409527605151792,0.0896577129161692,-0.567894618728979,0.0332791875500847
NR1H3,NR1H2,FR_negative,False,neither,neither_in_PC9,neither_in_HeLa,-0.407252248097298,0.0849650182561863,0.0685835703206438,0.705971147554522
TUBG2,TUBG1,FR_negative,False,neither,neither_in_PC9,neither_in_HeLa,-0.405253941694957,0.164055596227397,-0.22982802960091,0.478110144410796
GNA13,GNA12,FR_negative,False,neither,neither_in_PC9,neither_in_HeLa,-0.39396595399142,0.310495982924387,-0.0341344371499257,0.770087867958551
MORF4L2,MORF4L1,FR_negative,False,neither,neither_in_PC9,neither_in_HeLa,-0.392176638724628,0.0155764619081188,-0.0801894581854985,0.65820830444735
H2AFZ,H2AFV,FR_negative,True,synthetic_lethal,neither_in_PC9,SL_in_HeLa,-0.391364676896221,0.294862610145239,-0.686958347971169,0.0300162225247841
CEPT1,CHPT1,FR_negative,True,synthetic_lethal,neither_in_PC9,SL_in_HeLa,-0.391081397110481,0.0846608460157326,-0.596656032470563,0.0288069663788996
PLA2G2E,PLA2G2A,FR_negative,False,neither,neither_in_PC9,neither_in_HeLa,-0.390864993620377,0.175822073161061,0.143939013746633,0.405449612536294
MAPRE3,MAPRE1,FR_negative,False,neither,neither_in_PC9,neither_in_HeLa,-0.387786407798672,0.0903251792404103,-0.0615545977489605,0.778665964976481
ACVR2A,ACVR2B,FR_negative,False,neither,neither_in_PC9,neither_in_HeLa,-0.385505292512783,0.212228331304456,0.0279234212619445,0.925817150693641
LGR6,LGR5,FR_positive,False,buffering,neither_in_PC9,buffering_in_HeLa,-0.382784410471702,0.205903425406309,0.258026702510449,0.0146421815729845
EML6,EML5,FR_negative,False,neither,neither_in_PC9,neither_in_HeLa,-0.382480079893521,0.0196212259943402,0.137949161840063,0.370123200434612
UHRF2,UHRF1,FR_negative,False,neither,neither_in_PC9,neither_in_HeLa,-0.37757556347092,0.338654065087654,-0.207240179979843,0.502706522451257
FRAT2,FRAT1,FR_negative,False,neither,neither_in_PC9,neither_in_HeLa,-0.375875656717176,0.0125912332454636,-0.0394271968440623,0.729780040265873
ADAMTS10,ADAMTS6,FR_negative,False,neither,neither_in_PC9,neither_in_HeLa,-0.372092828327985,0.219165697590779,-0.164494541802768,0.325351950962601
ELOVL5,ELOVL2,FR_negative,False,neither,neither_in_PC9,neither_in_HeLa,-0.371388907960661,0.464523521330686,-0.0708564461312852,0.788802258384481
TSPAN31,TSPAN13,FR_negative,False,neither,neither_in_PC9,neither_in_HeLa,-0.370891749951449,0.0545788629652888,-0.164598575324213,0.358873678237882
ASF1A,ASF1B,FR_negative,True,synthetic_lethal,neither_in_PC9,SL_in_HeLa,-0.37064016169093,0.38392908592313,-1.81576411240082,0.0851307324184559
ZNF280B,ZNF280A,FR_positive,False,buffering,neither_in_PC9,buffering_in_HeLa,-0.37018083742398,0.0497402450378125,0.442086364201796,0.0286486804479048
AMPD1,AMPD3,FR_negative,False,neither,neither_in_PC9,neither_in_HeLa,-0.369514236020395,0.213183516851236,-0.0163127003679743,0.923054288303797
CETN2,CETN1,FR_negative,False,neither,neither_in_PC9,neither_in_HeLa,-0.36900911769781,0.0125912332454636,-0.176790963095888,0.329169152587928
TP73,TP63,FR_negative,False,neither,neither_in_PC9,neither_in_HeLa,-0.366226452485291,0.172887238405046,-0.172193382077488,0.147051624964556
FBXO17,FBXO27,FR_negative,False,neither,neither_in_PC9,neither_in_HeLa,-0.364613240061771,0.0906071748719508,-0.268402654371858,0.278842985083944
RHD,RHCE,FR_negative,False,neither,neither_in_PC9,neither_in_HeLa,-0.358332076848973,0.0647636856770689,0.0399089897466787,0.837420464094393
LRP6,LRP5,FR_negative,False,neither,neither_in_PC9,neither_in_HeLa,-0.357062771019041,0.0907448941909264,-0.118536839490758,0.192983983314735
RASA3,RASA2,FR_negative,False,neither,neither_in_PC9,neither_in_HeLa,-0.354844287128082,0.0216515771334573,-0.0981478412035686,0.50363899885278
PKM,PKLR,FR_negative,False,neither,neither_in_PC9,neither_in_HeLa,-0.347844557809641,0.161750025308605,-0.21798291948322,0.516204881898465
EVI5L,EVI5,FR_negative,False,neither,neither_in_PC9,neither_in_HeLa,-0.346715848659028,0.151377291177801,0.0682458252053401,0.637429372909321
SLC11A2,SLC11A1,FR_negative,False,neither,neither_in_PC9,neither_in_HeLa,-0.344790248534842,0.111134323620511,-0.319042867356214,0.216658108499903
EXOC6B,EXOC6,FR_negative,False,neither,neither_in_PC9,neither_in_HeLa,-0.342918540930794,0.208017654912078,-0.322054933276947,0.0239464461183069
RRAGD,RRAGC,FR_negative,False,neither,neither_in_PC9,neither_in_HeLa,-0.34213807078694,0.560355743048789,0.0437660595143949,0.855951025358941
PHTF2,PHTF1,FR_negative,False,neither,neither_in_PC9,neither_in_HeLa,-0.341869821360558,0.295891346705242,0.125682265240206,0.370123200434612
NKIRAS2,NKIRAS1,FR_negative,False,neither,neither_in_PC9,neither_in_HeLa,-0.337088136790842,0.115701307980123,0.0175879499609673,0.911606998635539
DDX3Y,DDX3X,FR_negative,False,neither,neither_in_PC9,neither_in_HeLa,-0.332287732884812,0.292956258634036,0.616147213799519,0.112126744351162
ACVR1,ACVRL1,FR_negative,False,neither,neither_in_PC9,neither_in_HeLa,-0.332122966702557,0.307680606109284,-0.0254171124063662,0.898332028997735
KCNJ10,KCNJ15,FR_negative,False,neither,neither_in_PC9,neither_in_HeLa,-0.331969545780221,0.0722812854188897,-0.116253688569207,0.452044526994086
ZNF503,ZNF703,FR_negative,False,neither,neither_in_PC9,neither_in_HeLa,-0.328756918042692,0.0960781048204935,-0.0911350040041837,0.28001789497989
ATP2C1,ATP2C2,FR_negative,False,neither,neither_in_PC9,neither_in_HeLa,-0.327465162548777,0.0903251792404103,-0.243941401649463,0.327797422183154
PLCL2,PLCL1,FR_negative,True,synthetic_lethal,neither_in_PC9,SL_in_HeLa,-0.326587170674889,0.129905353265095,-0.550750306156679,0.00482148412881116
HMGCLL1,HMGCL,FR_negative,False,neither,neither_in_PC9,neither_in_HeLa,-0.326553976234498,0.0585592330861191,-0.098343704547029,0.586727142490483
FUCA2,FUCA1,FR_negative,False,neither,neither_in_PC9,neither_in_HeLa,-0.325635755382669,0.299177253213797,0.16511574810333,0.400040242084198
SIAH2,SIAH1,FR_negative,False,neither,neither_in_PC9,neither_in_HeLa,-0.32336916445634,0.306879032403073,-0.168981056108966,0.376211998776146
FNDC3B,FNDC3A,FR_negative,True,synthetic_lethal,neither_in_PC9,SL_in_HeLa,-0.321698619915731,0.0359707244431107,-0.570836243835336,0.0271176925366954
STAT5B,STAT5A,FR_negative,False,neither,neither_in_PC9,neither_in_HeLa,-0.319778568866508,0.0818195687081307,-0.134674555622853,0.39235697856078
TOMM40L,TOMM40,FR_negative,False,neither,neither_in_PC9,neither_in_HeLa,-0.319635850831134,0.193362425855569,-0.12230219499717,0.240282010759303
NOL4L,NOL4,FR_negative,False,neither,neither_in_PC9,neither_in_HeLa,-0.319166036963658,0.127158118747595,-0.168861562415117,0.530438491849415
ITIH3,ITIH1,FR_negative,False,neither,neither_in_PC9,neither_in_HeLa,-0.318543691074736,0.183349477260435,0.172207964180427,0.370123200434612
CLTB,CLTA,FR_negative,False,neither,neither_in_PC9,neither_in_HeLa,-0.317614502797049,0.177085723484957,-0.181151110576804,0.193722119654525
RFX3,RFX2,FR_positive,False,buffering,neither_in_PC9,buffering_in_HeLa,-0.314433717812502,0.0700113403463171,0.296535226420194,0.0202369296117205
FCGR3B,FCGR3A,FR_negative,False,neither,neither_in_PC9,neither_in_HeLa,-0.313847534863057,0.240786248692876,-0.180590189183027,0.193722119654525
FOLH1,NAALAD2,FR_negative,False,neither,neither_in_PC9,neither_in_HeLa,-0.313584190962247,0.10355765103978,-0.195832850470766,0.313575094890335
SRSF9,SRSF1,FR_negative,False,neither,neither_in_PC9,neither_in_HeLa,-0.310735040819137,0.338654065087654,0.165904993535574,0.922516659909323
EAF2,EAF1,FR_negative,True,synthetic_lethal,neither_in_PC9,SL_in_HeLa,-0.309204013208666,0.41185093954763,-1.29337163095473,0.00373920028510982
LRIG3,LRIG2,FR_negative,False,neither,neither_in_PC9,neither_in_HeLa,-0.308601312721887,0.13762866938861,0.156558959121034,0.301128202004279
SH3GLB2,SH3GLB1,FR_negative,False,neither,neither_in_PC9,neither_in_HeLa,-0.308565642796702,0.104684526049447,-0.131757101973997,0.336482095115176
MLLT3,MLLT1,FR_negative,False,neither,neither_in_PC9,neither_in_HeLa,-0.307526765614564,0.0585592330861191,-0.318851219202648,0.0239464461183069
HECW2,HECW1,FR_negative,False,neither,neither_in_PC9,neither_in_HeLa,-0.306965132664744,0.104424515581617,-0.324310623058826,0.236430181930312
VAV3,VAV1,FR_negative,False,neither,neither_in_PC9,neither_in_HeLa,-0.306205508824687,0.429175847041206,0.0091041450024851,0.957409950815016
CORO2B,CORO2A,FR_negative,False,neither,neither_in_PC9,neither_in_HeLa,-0.305159498628117,0.0700113403463171,-0.13490716203304,0.551016981305533
CABP7,CALN1,FR_negative,False,neither,neither_in_PC9,neither_in_HeLa,-0.303899136345595,0.042153805823317,-0.43266727137979,0.0713500862406793
NPR2,NPR1,FR_negative,False,neither,neither_in_PC9,neither_in_HeLa,-0.302997690503614,0.171235066777763,-0.0124583264746872,0.898081456722227
RLN2,RLN1,FR_negative,False,neither,neither_in_PC9,neither_in_HeLa,-0.299759648747095,0.42964011810295,-0.0777053929190191,0.517387344083856
AADAC,AADACL2,FR_negative,False,neither,neither_in_PC9,neither_in_HeLa,-0.299149957685092,0.0665169877399334,0.0160040768439171,0.951159086727449
LARGE2,LARGE1,FR_negative,False,neither,neither_in_PC9,neither_in_HeLa,-0.297752766779736,0.129905353265095,-0.0805586158745806,0.749862358570255
DTNB,DTNA,FR_negative,False,neither,neither_in_PC9,neither_in_HeLa,-0.295885674739156,0.125966996566929,-0.0229053822436219,0.904403287150335
TLN2,TLN1,FR_negative,False,neither,neither_in_PC9,neither_in_HeLa,-0.292800336561835,0.183349477260435,-0.414691800709711,0.233166048572474
ACTL7A,ACTL7B,FR_negative,False,neither,neither_in_PC9,neither_in_HeLa,-0.291418198500706,0.111734253582534,0.165320004851424,0.295492972351947
SBF2,SBF1,FR_negative,False,neither,neither_in_PC9,neither_in_HeLa,-0.289910230060734,0.436518398171928,-0.153948412034585,0.619170766518233
USP9Y,USP9X,FR_negative,False,neither,neither_in_PC9,neither_in_HeLa,-0.289791051778479,0.35453901672356,-0.254558831239534,0.14491202620441
THRB,THRA,FR_negative,False,neither,neither_in_PC9,neither_in_HeLa,-0.289107105292872,0.224444693382731,0.105316164347331,0.57113415492404
PTGS2,PTGS1,FR_negative,False,neither,neither_in_PC9,neither_in_HeLa,-0.2885383748726,0.240786248692876,0.158069367041348,0.468686070623177
KCTD3,SHKBP1,FR_negative,False,neither,neither_in_PC9,neither_in_HeLa,-0.287437100321344,0.358029208491992,0.105204227451884,0.486641446624954
PRELID3B,PRELID3A,FR_negative,True,synthetic_lethal,neither_in_PC9,SL_in_HeLa,-0.287074762464261,0.494584466102537,-0.534165571191883,0.0661114477723645
STEAP3,STEAP2,FR_negative,False,neither,neither_in_PC9,neither_in_HeLa,-0.286071039910796,0.0193938169972305,-0.0734320093682092,0.730017580907386
TMEM120B,TMEM120A,FR_negative,False,neither,neither_in_PC9,neither_in_HeLa,-0.285082498417247,0.0612945043668892,0.0995102246129808,0.521601682878796
SYT4,SYT11,FR_negative,False,neither,neither_in_PC9,neither_in_HeLa,-0.282328252548203,0.191640650215044,-0.0893777762060579,0.757505988134311
CDRT1,FBXW10,FR_negative,False,neither,neither_in_PC9,neither_in_HeLa,-0.278649675757033,0.17004162843652,-0.164269213116197,0.216359183030452
BEST4,BEST2,FR_negative,False,neither,neither_in_PC9,neither_in_HeLa,-0.276502497170796,0.316369143192622,0.104341025426826,0.607418405281913
ACACA,ACACB,FR_negative,True,synthetic_lethal,neither_in_PC9,SL_in_HeLa,-0.27455029404072,0.474586437664527,-0.590222529983459,0.0332791875500847
NR2C2,NR2C1,FR_negative,False,neither,neither_in_PC9,neither_in_HeLa,-0.272583352927522,0.295891346705242,-0.36331637294125,0.177961687861698
DYNLRB2,DYNLRB1,FR_negative,False,neither,neither_in_PC9,neither_in_HeLa,-0.27169081708092,0.208496453138892,-0.154470124632625,0.627186973777394
PCYT1B,PCYT1A,FR_negative,False,neither,neither_in_PC9,neither_in_HeLa,-0.271451102033617,0.271652997413348,-0.356154484516112,0.141602581498876
SEMG2,SEMG1,FR_negative,False,neither,neither_in_PC9,neither_in_HeLa,-0.271146372720183,0.262053144342696,-0.000994404667979842,0.986257106764341
HS6ST3,HS6ST1,FR_negative,False,neither,neither_in_PC9,neither_in_HeLa,-0.270319293818797,0.469248852987459,-0.228086345656307,0.466388150170991
SMARCC2,SMARCC1,FR_negative,False,neither,neither_in_PC9,neither_in_HeLa,-0.269490432068603,0.485134671832334,-0.0236629425493204,0.957697108334782
TMEM39B,TMEM39A,FR_negative,False,neither,neither_in_PC9,neither_in_HeLa,-0.26788249377347,0.167629963544572,0.0555993775836321,0.619475606809286
ABCC1,ABCC3,FR_negative,False,neither,neither_in_PC9,neither_in_HeLa,-0.267740687026463,0.0895650594896148,-0.0999780473986614,0.462194398035962
RBBP7,RBBP4,FR_negative,True,synthetic_lethal,neither_in_PC9,SL_in_HeLa,-0.267329710209621,0.15350059404962,-1.62555823310419,0.0253130366652487
TOP1MT,TOP1,FR_negative,True,synthetic_lethal,neither_in_PC9,SL_in_HeLa,-0.266808970011859,0.421111393054053,-0.620208215853008,0.0273244545035504
RUNDC3B,RUNDC3A,FR_negative,False,neither,neither_in_PC9,neither_in_HeLa,-0.266660048338422,0.191640650215044,0.00197546199401099,0.997698676083572
CHIC2,CHIC1,FR_negative,False,neither,neither_in_PC9,neither_in_HeLa,-0.264347210282286,0.224444693382731,-0.181276220952033,0.0846499392454744
KCNK9,KCNK3,FR_negative,False,neither,neither_in_PC9,neither_in_HeLa,-0.263419656601747,0.0120627834984713,-0.0746458771994274,0.585159358368505
WDFY2,WDFY1,FR_negative,False,neither,neither_in_PC9,neither_in_HeLa,-0.257158623444578,0.31690377031748,-0.0790268821085209,0.747434773381791
FAHD2B,FAHD2A,FR_negative,False,neither,neither_in_PC9,neither_in_HeLa,-0.256385407587815,0.134819481135552,0.0478069825468702,0.840752526141588
BICD2,BICD1,FR_negative,False,neither,neither_in_PC9,neither_in_HeLa,-0.256355843083867,0.257816820900764,-0.361541917239999,0.0463729894372626
ZNF324B,ZNF324,FR_negative,False,neither,neither_in_PC9,neither_in_HeLa,-0.254901012281543,0.111523866578304,0.230072840613175,0.278085593296668
MID2,MID1,FR_negative,False,neither,neither_in_PC9,neither_in_HeLa,-0.254639510592301,0.206652201311138,-0.0543357111196106,0.79119061947083
AVIL,VIL1,FR_negative,False,neither,neither_in_PC9,neither_in_HeLa,-0.254271219547863,0.244993105253184,-0.0340120600668936,0.770087867958551
RASSF4,RASSF2,FR_negative,False,neither,neither_in_PC9,neither_in_HeLa,-0.252163411355872,0.213183516851236,-0.0724116178054913,0.745610818796955
AP3M1,AP3M2,FR_negative,False,neither,neither_in_PC9,neither_in_HeLa,-0.251329119435551,0.372674332657419,-0.170603849638317,0.211745996937012
SLC52A2,SLC52A1,FR_negative,False,neither,neither_in_PC9,neither_in_HeLa,-0.251279433255078,0.287280499002173,0.087207076742011,0.528821138437649
LMAN2L,LMAN2,FR_negative,False,neither,neither_in_PC9,neither_in_HeLa,-0.250107958032706,0.267530131097508,-0.0541261274265747,0.765350732691389
HPR,HP,FR_negative,False,neither,neither_in_PC9,neither_in_HeLa,-0.249642647854757,0.520534867714484,-0.160317236303058,0.452044526994086
SLC23A2,SLC23A1,FR_negative,False,neither,neither_in_PC9,neither_in_HeLa,-0.247223220890534,0.395250645733692,-0.159116772526415,0.585159358368505
HOXA5,HOXB5,FR_negative,False,neither,neither_in_PC9,neither_in_HeLa,-0.246679735408442,0.305490589662238,0.0142645272705349,0.943876104384426
GMPR2,GMPR,FR_negative,False,neither,neither_in_PC9,neither_in_HeLa,-0.245480136953585,0.257816820900764,-0.201238805543858,0.4436033897991
ZMIZ2,ZMIZ1,FR_negative,False,neither,neither_in_PC9,neither_in_HeLa,-0.244581239254871,0.185317563344975,-0.211426067077082,0.17106747703812
TIMM17B,TIMM17A,FR_negative,True,synthetic_lethal,neither_in_PC9,SL_in_HeLa,-0.243338350128773,0.562202315261349,-1.27250688186778,0.00868952118957267
GPD1L,GPD1,FR_negative,False,neither,neither_in_PC9,neither_in_HeLa,-0.243319933833957,0.183349477260435,-0.32545749109148,0.0223368067997995
VASH2,VASH1,FR_negative,False,neither,neither_in_PC9,neither_in_HeLa,-0.243167193378491,0.307680606109284,0.105575916247229,0.508767936482018
ADSS,ADSSL1,FR_negative,False,neither,neither_in_PC9,neither_in_HeLa,-0.241829456216967,0.480276611030704,-0.367620479890642,0.104952108616464
GRM3,GRM2,FR_negative,False,neither,neither_in_PC9,neither_in_HeLa,-0.239456782046363,0.22032739731608,0.067041628850502,0.575656463859109
NIPSNAP3B,NIPSNAP3A,FR_positive,False,buffering,neither_in_PC9,buffering_in_HeLa,-0.239453676324782,0.374096536511896,0.501631184552362,0.0825308573129604
NELL2,NELL1,FR_negative,False,neither,neither_in_PC9,neither_in_HeLa,-0.239422787741241,0.395250645733692,0.257436300162228,0.360986960341723
CHRNA5,CHRNB3,FR_negative,False,neither,neither_in_PC9,neither_in_HeLa,-0.238833259977975,0.364151895466134,0.091128012902347,0.729780040265873
GPSM2,GPSM1,FR_negative,False,neither,neither_in_PC9,neither_in_HeLa,-0.236924104835771,0.191640650215044,-0.237375372718166,0.224973566636753
SLC27A1,SLC27A4,FR_negative,False,neither,neither_in_PC9,neither_in_HeLa,-0.233997804255102,0.24061357101446,-0.193213463071243,0.147051624964556
WIPI2,WIPI1,FR_negative,False,neither,neither_in_PC9,neither_in_HeLa,-0.230987655159786,0.22032739731608,-0.390814813873571,0.112126744351162
MPP2,MPP6,FR_negative,False,neither,neither_in_PC9,neither_in_HeLa,-0.229526268085591,0.193362425855569,-0.00525027411988787,0.960769784696402
ASB14,ASB15,FR_negative,False,neither,neither_in_PC9,neither_in_HeLa,-0.228945070131304,0.31690377031748,-0.215468880497424,0.230777966320165
IPO5,RANBP6,FR_negative,False,neither,neither_in_PC9,neither_in_HeLa,-0.228899354079134,0.479945136437964,-0.12772902272588,0.339385856771504
STXBP2,STXBP1,FR_negative,False,neither,neither_in_PC9,neither_in_HeLa,-0.22758711565577,0.257816820900764,-0.2604509702931,0.0463729894372626
PDCL3,PDCL2,FR_negative,False,neither,neither_in_PC9,neither_in_HeLa,-0.226174714632884,0.292956258634036,-0.0979514162240773,0.635740941050166
RNF144B,RNF144A,FR_negative,False,neither,neither_in_PC9,neither_in_HeLa,-0.224668558001553,0.281868586455454,-0.0160799806100807,0.898785982338476
MICB,MICA,FR_negative,False,neither,neither_in_PC9,neither_in_HeLa,-0.224272510755599,0.564522105807814,0.132977230188544,0.416498469275456
WNT8B,WNT8A,FR_negative,False,neither,neither_in_PC9,neither_in_HeLa,-0.223847354791559,0.371781754651805,-0.000579806422767378,0.984954094108547
DUSP21,DUSP18,FR_negative,False,neither,neither_in_PC9,neither_in_HeLa,-0.223314323080537,0.207219190124315,0.0952426363832877,0.521601682878796
RMND5B,RMND5A,FR_negative,False,neither,neither_in_PC9,neither_in_HeLa,-0.22239193826747,0.258544498712919,-0.303468509295262,0.0661114477723645
TNFAIP8L2,TNFAIP8L1,FR_negative,False,neither,neither_in_PC9,neither_in_HeLa,-0.222150103846609,0.210141133099896,0.133020731318242,0.209220397886062
FUT2,FUT1,FR_negative,False,neither,neither_in_PC9,neither_in_HeLa,-0.222061455605908,0.261249464834571,0.0557844193120828,0.679424305466099
UNC13B,UNC13A,FR_negative,False,neither,neither_in_PC9,neither_in_HeLa,-0.221141177454948,0.122093598323463,0.0478702206190266,0.524262728042644
WNT5B,WNT5A,FR_negative,False,neither,neither_in_PC9,neither_in_HeLa,-0.219921581360057,0.271771293642759,-0.10345199170908,0.434945857612717
ATG4A,ATG4B,FR_negative,False,neither,neither_in_PC9,neither_in_HeLa,-0.218986269921055,0.271652997413348,-0.0746793227126699,0.408369018365552
MX2,MX1,FR_negative,False,neither,neither_in_PC9,neither_in_HeLa,-0.217186318915504,0.416540051840833,0.231120940936797,0.0623087693659658
CDRT15L2,CDRT15,FR_negative,False,neither,neither_in_PC9,neither_in_HeLa,-0.217021132577492,0.374096536511896,-0.133320411205607,0.452044526994086
NR5A2,NR5A1,FR_negative,False,neither,neither_in_PC9,neither_in_HeLa,-0.216111631785675,0.198085682783508,-0.278434616542867,0.232186283378809
SNAP25,SNAP23,FR_negative,False,neither,neither_in_PC9,neither_in_HeLa,-0.214035188650664,0.588640824897756,-0.428240296928716,0.112126744351162
GALNT6,GALNT3,FR_negative,False,neither,neither_in_PC9,neither_in_HeLa,-0.213963252741286,0.147708588688836,-0.139116872228181,0.104952108616464
RPL10L,RPL10,FR_negative,False,neither,neither_in_PC9,neither_in_HeLa,-0.211905082345212,0.511957006175534,-0.655914366664853,0.190616231607446
TBPL2,TBP,FR_negative,False,neither,neither_in_PC9,neither_in_HeLa,-0.209348744269121,0.429175847041206,0.0372522889025965,0.853727137165554
GRK3,GRK2,FR_negative,False,neither,neither_in_PC9,neither_in_HeLa,-0.207639911640991,0.0544802663068899,-0.0777951649599306,0.57992532305431
OSBP2,OSBP,FR_negative,False,neither,neither_in_PC9,neither_in_HeLa,-0.207047760643071,0.512458765502247,-0.0715216044943796,0.767656227632526
TPST2,TPST1,FR_negative,False,neither,neither_in_PC9,neither_in_HeLa,-0.207013198826018,0.343795951335848,-0.0405237019946529,0.745610818796955
TRPM7,TRPM6,FR_negative,False,neither,neither_in_PC9,neither_in_HeLa,-0.205165956349648,0.579620884962609,-0.120645236099925,0.54585452124157
CHD2,CHD1,FR_negative,False,neither,neither_in_PC9,neither_in_HeLa,-0.20474172757755,0.36248992548441,-0.182374188293884,0.257817791207905
PURB,PURA,FR_negative,False,neither,neither_in_PC9,neither_in_HeLa,-0.204316997970954,0.213183516851236,-0.359994443153324,0.135443754176719
GIT2,GIT1,FR_negative,False,neither,neither_in_PC9,neither_in_HeLa,-0.203885221783045,0.294862610145239,-0.203471717020851,0.330215082955281
CSTB,CSTA,FR_negative,False,neither,neither_in_PC9,neither_in_HeLa,-0.203759187208819,0.568813469641428,0.0727070020707283,0.377806085440341
CD151,TSPAN11,FR_negative,False,neither,neither_in_PC9,neither_in_HeLa,-0.203523447320984,0.242213512889361,0.0476711693299261,0.625023409333316
RPS6KA5,RPS6KA4,FR_negative,False,neither,neither_in_PC9,neither_in_HeLa,-0.202812104934916,0.591260998793217,-0.203724688354008,0.177961687861698
SP9,SP8,FR_negative,False,neither,neither_in_PC9,neither_in_HeLa,-0.202695826272116,0.271652997413348,0.299205601022635,0.134150058326558
ADARB1,ADARB2,FR_negative,False,neither,neither_in_PC9,neither_in_HeLa,-0.202564894611644,0.520534867714484,0.0432402843314127,0.747434773381791
USP15,USP4,FR_negative,False,neither,neither_in_PC9,neither_in_HeLa,-0.201556743137407,0.396703864278972,0.0423715292202995,0.781272388966406
UCHL3,UCHL1,FR_negative,False,neither,neither_in_PC9,neither_in_HeLa,-0.201536511546023,0.212228331304456,-0.142078661186684,0.420764186767567
CTXN3,CTXN2,FR_negative,False,neither,neither_in_PC9,neither_in_HeLa,-0.201392252164634,0.502086722540562,-0.00676472861745305,0.964506978602679
BEX2,BEX1,FR_negative,False,neither,neither_in_PC9,neither_in_HeLa,-0.201232497858251,0.346312642406372,-0.284527602882083,0.0571507137137977
EDDM3B,EDDM3A,FR_negative,False,neither,neither_in_PC9,neither_in_HeLa,-0.20059795696287,0.593763588530155,0.158219830354267,0.409196741679801
RPL26L1,RPL26,FR_negative,False,neither,neither_in_PC9,neither_in_HeLa,-0.199385820205867,0.683197111837713,-0.366707514735068,0.409196741679801
TIMM23B,TIMM23,FR_negative,False,neither,neither_in_PC9,neither_in_HeLa,-0.198338073752418,0.672953468462832,0.0272542751016305,0.923145572934036
HNRNPR,SYNCRIP,FR_negative,True,synthetic_lethal,neither_in_PC9,SL_in_HeLa,-0.198261069587879,0.502086722540562,-0.728080779534177,0.0591673694429273
GCOM1,MYZAP,FR_positive,False,buffering,neither_in_PC9,buffering_in_HeLa,-0.197157295102839,0.302413465034238,0.288991400615859,0.0319342002373085
NKAPL,NKAP,FR_negative,False,neither,neither_in_PC9,neither_in_HeLa,-0.197004335943081,0.573030905531125,0.175943943702486,0.202353179866433
JRKL,TIGD2,FR_negative,False,neither,neither_in_PC9,neither_in_HeLa,-0.194738804639015,0.346271456319181,-0.145894626646473,0.339318930142494
ATP5L,ATP5L2,FR_negative,False,neither,neither_in_PC9,neither_in_HeLa,-0.194679094483105,0.481644330272611,0.085794881144703,0.790801877236151
CEACAM4,CEACAM3,FR_negative,False,neither,neither_in_PC9,neither_in_HeLa,-0.19430351264764,0.317129909120618,-0.0528801078070187,0.691230068913861
TMEM30B,TMEM30A,FR_negative,False,neither,neither_in_PC9,neither_in_HeLa,-0.193324534193195,0.409050886452809,-0.0742577311976436,0.788802258384481
P2RY4,P2RY2,FR_negative,False,neither,neither_in_PC9,neither_in_HeLa,-0.19293441750137,0.36248992548441,0.103648950726099,0.43604637806125
ARNT,ARNT2,FR_negative,False,neither,neither_in_PC9,neither_in_HeLa,-0.191923442961539,0.331465384938238,0.00537083751527631,0.974004868577215
PROKR2,PROKR1,FR_negative,False,neither,neither_in_PC9,neither_in_HeLa,-0.191318359888911,0.332369085542768,-0.0580993151609344,0.619170766518233
SIGLEC11,SIGLEC10,FR_negative,False,neither,neither_in_PC9,neither_in_HeLa,-0.1905307246051,0.504860684912423,-0.142615274778771,0.207567002628335
HACD2,HACD1,FR_negative,False,neither,neither_in_PC9,neither_in_HeLa,-0.190343926230443,0.229499123513215,0.127823306453603,0.507026053590206
KCNS3,KCNS2,FR_negative,False,neither,neither_in_PC9,neither_in_HeLa,-0.19033848547029,0.306954209312432,0.185894932527217,0.0365651949552841
GRID2,GRID1,FR_negative,False,neither,neither_in_PC9,neither_in_HeLa,-0.18949721568423,0.307680606109284,-0.0216092944770726,0.88459220891657
NAV3,NAV2,FR_negative,False,neither,neither_in_PC9,neither_in_HeLa,-0.189150504519699,0.394901235758546,0.0210386376634874,0.92544069112419
BIRC3,BIRC2,FR_negative,False,neither,neither_in_PC9,neither_in_HeLa,-0.188923234380607,0.503256585780701,-0.401192082373117,0.0113269432249308
SLC27A2,SLC27A6,FR_negative,False,neither,neither_in_PC9,neither_in_HeLa,-0.188651760772869,0.275886894892039,-0.034700083472956,0.863034970587141
ZFHX4,ZFHX3,FR_negative,False,neither,neither_in_PC9,neither_in_HeLa,-0.186583319828279,0.554292582451806,-0.0134047216987223,0.942144096874262
AP3B1,AP3B2,FR_negative,False,neither,neither_in_PC9,neither_in_HeLa,-0.18644324063087,0.480276611030704,0.0478558949181577,0.650158425269792
BARHL2,BARHL1,FR_negative,False,neither,neither_in_PC9,neither_in_HeLa,-0.186003294268597,0.31690377031748,-0.272686887938978,0.164294379937277
GRIN2B,GRIN2A,FR_negative,False,neither,neither_in_PC9,neither_in_HeLa,-0.185403184710711,0.482943275591139,-0.00712260854419277,0.960769784696402
PPM1B,PPM1A,FR_negative,False,neither,neither_in_PC9,neither_in_HeLa,-0.185278376939312,0.258765264843913,-0.216675165256597,0.198986351446821
PPIP5K2,PPIP5K1,FR_negative,False,neither,neither_in_PC9,neither_in_HeLa,-0.185142838190837,0.735643196306999,0.329591437035234,0.112126744351162
NXPH2,NXPH1,FR_negative,False,neither,neither_in_PC9,neither_in_HeLa,-0.184103763027149,0.567193033755964,0.0363135461816068,0.851559415818603
GLUD2,GLUD1,FR_negative,False,neither,neither_in_PC9,neither_in_HeLa,-0.183942982859155,0.554292582451806,0.172270385378141,0.4436033897991
CDNF,MANF,FR_negative,False,neither,neither_in_PC9,neither_in_HeLa,-0.182851723466527,0.453859898993795,0.174406285803905,0.316725639111942
GRIK5,GRIK4,FR_negative,False,neither,neither_in_PC9,neither_in_HeLa,-0.182033590138505,0.494730932376062,0.227719435058228,0.188484238569255
PHOX2B,PHOX2A,FR_negative,False,neither,neither_in_PC9,neither_in_HeLa,-0.180916340136583,0.367127577551018,-0.214760199258566,0.252969297448846
CAV3,CAV1,FR_negative,False,neither,neither_in_PC9,neither_in_HeLa,-0.179969111927972,0.554292582451806,0.100515595505167,0.468686070623177
USP20,USP33,FR_negative,False,neither,neither_in_PC9,neither_in_HeLa,-0.17946427325973,0.539214753588339,-0.105712235367776,0.654422569536324
MYO7B,MYO7A,FR_negative,False,neither,neither_in_PC9,neither_in_HeLa,-0.177952882381605,0.204175754881186,0.136193096509808,0.320123699548137
SPRR2B,SPRR2A,FR_negative,False,neither,neither_in_PC9,neither_in_HeLa,-0.177783713071884,0.502086722540562,-0.257865417510181,0.370123200434612
DTX4,DTX1,FR_negative,False,neither,neither_in_PC9,neither_in_HeLa,-0.176021382185162,0.239742395337845,0.116425595121938,0.564369882779569
AP1M1,AP1M2,FR_negative,False,neither,neither_in_PC9,neither_in_HeLa,-0.174137466182567,0.675302704651309,-0.112405719120372,0.655428604335525
MAP3K3,MAP3K2,FR_negative,False,neither,neither_in_PC9,neither_in_HeLa,-0.17314072217294,0.658946991849498,-0.234433654890838,0.208202819758582
SDK2,SDK1,FR_negative,False,neither,neither_in_PC9,neither_in_HeLa,-0.172951877764675,0.511957006175534,0.11779020839478,0.360986960341723
SUV39H2,SUV39H1,FR_negative,False,neither,neither_in_PC9,neither_in_HeLa,-0.172671384750935,0.535808975175862,-0.0668484600158568,0.7056756122285
ETNPPL,PHYKPL,FR_negative,False,neither,neither_in_PC9,neither_in_HeLa,-0.171365624477668,0.181679024619557,-0.135642254205078,0.49135569568506
TMEM184B,TMEM184A,FR_negative,False,neither,neither_in_PC9,neither_in_HeLa,-0.169385953502975,0.539214753588339,-0.306006049807117,0.237480889847403
SGSM2,SGSM1,FR_negative,False,neither,neither_in_PC9,neither_in_HeLa,-0.168583699176343,0.457758435952233,-0.0598642763166733,0.785077443996041
HNRNPLL,HNRNPL,FR_negative,True,synthetic_lethal,neither_in_PC9,SL_in_HeLa,-0.168558919833063,0.682335513946875,-0.618438454464777,0.0705421611492169
PGM1,PGM5,FR_negative,False,neither,neither_in_PC9,neither_in_HeLa,-0.168307058004062,0.395596878290184,-0.150114197655174,0.39235697856078
SDCBP2,SDCBP,FR_negative,False,neither,neither_in_PC9,neither_in_HeLa,-0.167653661987052,0.272467211290895,-0.0568137400163166,0.801518164024196
RHBDF2,RHBDF1,FR_negative,False,neither,neither_in_PC9,neither_in_HeLa,-0.165620039306477,0.42964011810295,0.125412771486047,0.560016813952046
SAMD4B,SAMD4A,FR_negative,False,neither,neither_in_PC9,neither_in_HeLa,-0.165136715883087,0.665858979967565,-0.118298745869731,0.550577870822662
TMED1,TMED5,FR_negative,False,neither,neither_in_PC9,neither_in_HeLa,-0.16272561095817,0.517795735608762,-0.163337428473197,0.434945857612717
RNF20,RNF40,FR_negative,False,neither,neither_in_PC9,neither_in_HeLa,-0.162048943491405,0.638710542135565,-0.242706047191981,0.637429372909321
TOM1L2,TOM1,FR_negative,False,neither,neither_in_PC9,neither_in_HeLa,-0.161442430716653,0.481941188320503,-0.0980674006532296,0.580647244736506
CDC42BPB,CDC42BPA,FR_negative,False,neither,neither_in_PC9,neither_in_HeLa,-0.160401157765078,0.440560650892078,0.107214412241724,0.490938878641229
NMT2,NMT1,FR_negative,False,neither,neither_in_PC9,neither_in_HeLa,-0.159774758931002,0.56474827293422,-0.275958212628121,0.602945151218972
REG1B,REG1A,FR_negative,False,neither,neither_in_PC9,neither_in_HeLa,-0.156945945669168,0.469248852987459,-0.250075776372796,0.240282010759303
SPAG11B,SPAG11A,FR_negative,False,neither,neither_in_PC9,neither_in_HeLa,-0.156762572845652,0.503256585780701,0.301711426195439,0.141602581498876
VPS26B,VPS26A,FR_negative,False,neither,neither_in_PC9,neither_in_HeLa,-0.156741276507723,0.392768523050661,-0.191932979107275,0.421338223388239
MANEAL,MANEA,FR_negative,False,neither,neither_in_PC9,neither_in_HeLa,-0.156468604251437,0.511957006175534,0.151282390273387,0.316725639111942
FBP2,FBP1,FR_negative,False,neither,neither_in_PC9,neither_in_HeLa,-0.156140112729986,0.554292582451806,-0.0478427043428006,0.855038126898368
HSPA12B,HSPA12A,FR_negative,False,neither,neither_in_PC9,neither_in_HeLa,-0.155679924556425,0.307360893510792,0.098037212431431,0.457375457520574
REEP6,REEP5,FR_negative,False,neither,neither_in_PC9,neither_in_HeLa,-0.154144110356996,0.474723444120181,-0.163551499230279,0.277572457933381
SDF2L1,SDF2,FR_negative,False,neither,neither_in_PC9,neither_in_HeLa,-0.153829688139405,0.343795951335848,0.0786900700822801,0.690675436922838
RIMKLB,RIMKLA,FR_negative,False,neither,neither_in_PC9,neither_in_HeLa,-0.153011766234064,0.620298295799656,0.0218044466659323,0.883161377093026
SLC24A4,SLC24A3,FR_negative,False,neither,neither_in_PC9,neither_in_HeLa,-0.150867151096527,0.240786248692876,0.014348798986488,0.951159086727449
TBC1D8B,TBC1D8,FR_negative,False,neither,neither_in_PC9,neither_in_HeLa,-0.150481673790977,0.500733850951878,-0.0478263594778315,0.789315920825744
FURIN,PCSK4,FR_negative,False,neither,neither_in_PC9,neither_in_HeLa,-0.150303543166484,0.56474827293422,0.242981237593564,0.433914508122726
CHSY3,CHSY1,FR_negative,False,neither,neither_in_PC9,neither_in_HeLa,-0.149298465157883,0.566197631503488,0.0693540712816704,0.578330739191991
FKBP9,FKBP10,FR_negative,False,neither,neither_in_PC9,neither_in_HeLa,-0.149039198768591,0.562202315261349,0.176033733047267,0.291378402025271
MAP3K13,MAP3K12,FR_negative,False,neither,neither_in_PC9,neither_in_HeLa,-0.148828015213326,0.513618445203842,0.173848668489152,0.370123200434612
SCD5,SCD,FR_negative,False,neither,neither_in_PC9,neither_in_HeLa,-0.14817035971147,0.735643196306999,0.117797767431932,0.553838922674078
CCT6B,CCT6A,FR_negative,True,synthetic_lethal,neither_in_PC9,SL_in_HeLa,-0.148063130873024,0.525254283677352,-0.945717622686171,0.0983027618326919
ANGPTL1,ANGPTL2,FR_negative,False,neither,neither_in_PC9,neither_in_HeLa,-0.147861381335954,0.251430800213633,-0.105628723951416,0.551262458231494
ATP13A4,ATP13A5,FR_negative,False,neither,neither_in_PC9,neither_in_HeLa,-0.14683931865985,0.457758435952233,-0.0683037236784612,0.66312932505945
PFN2,PFN1,FR_negative,True,synthetic_lethal,neither_in_PC9,SL_in_HeLa,-0.146477536625962,0.735643196306999,-0.522723229355584,0.0557187781457326
EPC2,EPC1,FR_negative,True,synthetic_lethal,neither_in_PC9,SL_in_HeLa,-0.143459569803662,0.566269637164956,-0.885415489580437,0.0146421815729845
ELOVL1,ELOVL7,FR_negative,False,neither,neither_in_PC9,neither_in_HeLa,-0.142838377184941,0.767584511722897,0.188192188916981,0.332518327881287
ZNF423,ZNF521,FR_negative,False,neither,neither_in_PC9,neither_in_HeLa,-0.142723705591885,0.258765264843913,-0.132866048480835,0.483496165507837
SLC9A4,SLC9A2,FR_negative,False,neither,neither_in_PC9,neither_in_HeLa,-0.142193773310851,0.380265760247915,-0.0964748414509312,0.237480889847403
SEPT3,SEPT12,FR_negative,False,neither,neither_in_PC9,neither_in_HeLa,-0.14189797089417,0.469248852987459,-0.156646939498148,0.257817791207905
FAM209B,FAM209A,FR_negative,False,neither,neither_in_PC9,neither_in_HeLa,-0.137297994379753,0.479945136437964,0.265087149584226,0.198930113632472
TACR3,TACR1,FR_negative,False,neither,neither_in_PC9,neither_in_HeLa,-0.137258825744798,0.485134671832334,0.0655680100066498,0.730017580907386
RANBP17,XPO7,FR_negative,False,neither,neither_in_PC9,neither_in_HeLa,-0.137013249179309,0.517795735608762,-0.293672550256335,0.00715457618686465
LARP1B,LARP1,FR_negative,False,neither,neither_in_PC9,neither_in_HeLa,-0.136198478531535,0.602144183360061,-0.428642912048295,0.264471154368985
AP3S1,AP3S2,FR_negative,False,neither,neither_in_PC9,neither_in_HeLa,-0.135907828173864,0.530195787416603,-0.0475370761899376,0.730017580907386
ZNF562,ZNF561,FR_positive,False,buffering,neither_in_PC9,buffering_in_HeLa,-0.134005585621438,0.496326378094841,0.330426073519862,0.0664599065893559
NT5C,NT5M,FR_negative,False,neither,neither_in_PC9,neither_in_HeLa,-0.132004341857966,0.440560650892078,-0.111549948466624,0.456783821023811
ZNF175,ZNF81,FR_positive,False,buffering,neither_in_PC9,buffering_in_HeLa,-0.130907615321423,0.56474827293422,0.296722903071673,0.0833401963739068
TRABD2B,TRABD2A,FR_negative,False,neither,neither_in_PC9,neither_in_HeLa,-0.130872814565101,0.257816820900764,-0.15771363851353,0.360986960341723
WNT10B,WNT10A,FR_negative,False,neither,neither_in_PC9,neither_in_HeLa,-0.130487414779888,0.503256585780701,-0.0832503205911984,0.474073117347643
FOXR2,FOXR1,FR_negative,False,neither,neither_in_PC9,neither_in_HeLa,-0.130408797948602,0.512460022890457,-0.0660734596874254,0.789954926425704
TAF1L,TAF1,FR_negative,False,neither,neither_in_PC9,neither_in_HeLa,-0.130294820269499,0.813869054972289,-0.299176847446036,0.313575094890335
KIF13B,KIF13A,FR_negative,False,neither,neither_in_PC9,neither_in_HeLa,-0.129768870775365,0.429175847041206,-0.0579713046853474,0.810106137505489
MAGT1,TUSC3,FR_negative,False,neither,neither_in_PC9,neither_in_HeLa,-0.129481391880078,0.620087744053151,0.00276764467332862,0.988399872916704
SNRPB,SNRPN,FR_negative,False,neither,neither_in_PC9,neither_in_HeLa,-0.129470102439858,0.430631148268174,-0.158998050687285,0.466187375266486
PLPP5,PLPP4,FR_negative,False,neither,neither_in_PC9,neither_in_HeLa,-0.128181891128204,0.539214753588339,0.267135778961137,0.255705837806287
LHFPL6,LHFPL1,FR_negative,False,neither,neither_in_PC9,neither_in_HeLa,-0.126761688653838,0.735643196306999,-0.0756853585052694,0.562108013389806
BTF3L4,BTF3,FR_negative,False,neither,neither_in_PC9,neither_in_HeLa,-0.126595264339787,0.696808141457523,-0.300069514193341,0.48021878839608
AGPAT3,AGPAT4,FR_negative,False,neither,neither_in_PC9,neither_in_HeLa,-0.125800663080422,0.150452206855773,-0.221486777897304,0.263036744696882
DAAM2,DAAM1,FR_negative,False,neither,neither_in_PC9,neither_in_HeLa,-0.125291512890588,0.579620884962609,0.0550112257036871,0.747434773381791
SLC28A2,SLC28A1,FR_negative,False,neither,neither_in_PC9,neither_in_HeLa,-0.120285987617926,0.617604472182165,0.09769909425338,0.332518327881287
SGTB,SGTA,FR_positive,False,buffering,neither_in_PC9,buffering_in_HeLa,-0.119016609454876,0.735643196306999,0.289706496077174,0.0851307324184559
TRPM3,TRPM1,FR_negative,False,neither,neither_in_PC9,neither_in_HeLa,-0.118268954260412,0.714119629755693,-0.184983614485897,0.377806085440341
CAMK2N2,CAMK2N1,FR_negative,False,neither,neither_in_PC9,neither_in_HeLa,-0.117140374653327,0.644780468051761,-0.220810614344077,0.0334716379659348
PCMTD2,PCMTD1,FR_negative,True,synthetic_lethal,neither_in_PC9,SL_in_HeLa,-0.115828193792791,0.662647086960036,-0.518556021429879,0.00181787827842826
YIPF7,YIPF5,FR_negative,False,neither,neither_in_PC9,neither_in_HeLa,-0.115034964246499,0.571081167410724,0.230660390213249,0.162053658526556
PTPN11,PTPN6,FR_negative,False,neither,neither_in_PC9,neither_in_HeLa,-0.114284630614655,0.731442679868563,-0.264032070248764,0.33200525485249
ZNF24,ZNF396,FR_negative,False,neither,neither_in_PC9,neither_in_HeLa,-0.113749836904306,0.743827422990646,0.0221334189046328,0.862403026784003
ASAP1,ASAP2,FR_negative,False,neither,neither_in_PC9,neither_in_HeLa,-0.113433721598319,0.718752170971682,0.0688226822616416,0.712656558397012
STRIP2,STRIP1,FR_negative,False,neither,neither_in_PC9,neither_in_HeLa,-0.112730989405327,0.662686582347554,-0.330372689833263,0.137658111552067
SOX1,SOX2,FR_negative,False,neither,neither_in_PC9,neither_in_HeLa,-0.111761872710642,0.562202315261349,0.101475507884777,0.614168069040685
PHKG2,PHKG1,FR_negative,False,neither,neither_in_PC9,neither_in_HeLa,-0.111661754583103,0.499108955954865,0.239092622250413,0.39235697856078
PYCR2,PYCR1,FR_negative,False,neither,neither_in_PC9,neither_in_HeLa,-0.111128771604066,0.440560650892078,0.0161163677232485,0.883161377093026
GOLGA7B,GOLGA7,FR_negative,False,neither,neither_in_PC9,neither_in_HeLa,-0.110680250298349,0.502086722540562,-0.0884884990546857,0.452044526994086
CXCL6,CXCL5,FR_negative,False,neither,neither_in_PC9,neither_in_HeLa,-0.110493474404695,0.56474827293422,-0.00858382968108828,0.942144096874262
DERL3,DERL2,FR_negative,False,neither,neither_in_PC9,neither_in_HeLa,-0.110399840366942,0.525174224989015,-0.110754757479532,0.278842985083944
CSGALNACT2,CSGALNACT1,FR_negative,False,neither,neither_in_PC9,neither_in_HeLa,-0.110182323898168,0.650889873614964,0.158944748792124,0.389804800666273
NLN,THOP1,FR_negative,False,neither,neither_in_PC9,neither_in_HeLa,-0.109980886013053,0.416540051840833,-0.115072412342405,0.427743552978195
DDTL,DDT,FR_negative,False,neither,neither_in_PC9,neither_in_HeLa,-0.109976534975975,0.530195787416603,0.216172429597991,0.240282010759303
SMARCA1,SMARCA5,FR_negative,False,neither,neither_in_PC9,neither_in_HeLa,-0.109629246482049,0.751444916496567,-0.0988759688084246,0.745610818796955
SLC25A52,SLC25A51,FR_negative,False,neither,neither_in_PC9,neither_in_HeLa,-0.109000006151873,0.589125827844628,-0.144180127373468,0.416655614935862
CABP5,CABP2,FR_positive,False,buffering,neither_in_PC9,buffering_in_HeLa,-0.108991541633905,0.573457787050194,0.265716750284609,0.0704513741332156
CHUK,IKBKB,FR_negative,False,neither,neither_in_PC9,neither_in_HeLa,-0.106933314504174,0.426188988150802,0.091253421993549,0.498214011153234
KDELC2,KDELC1,FR_positive,False,buffering,neither_in_PC9,buffering_in_HeLa,-0.106586766255957,0.591725880375623,0.335723977938799,0.0379995469067131
DHRS4L2,DHRS4,FR_negative,False,neither,neither_in_PC9,neither_in_HeLa,-0.106493303635369,0.635806371615438,-0.0418618963659948,0.802345756705059
FAT3,FAT1,FR_negative,False,neither,neither_in_PC9,neither_in_HeLa,-0.105938043088922,0.481644330272611,-0.0068439797656141,0.951076280031597
SLC18A2,SLC18A1,FR_negative,False,neither,neither_in_PC9,neither_in_HeLa,-0.105891749444422,0.661727740674682,-0.275345907808094,0.0834123328667294
CXCR2,CXCR1,FR_negative,False,neither,neither_in_PC9,neither_in_HeLa,-0.104984029180372,0.7665111166254,0.184941947131157,0.302523175752597
PREX2,PREX1,FR_negative,False,neither,neither_in_PC9,neither_in_HeLa,-0.103771585225243,0.683197111837713,0.0535513698366518,0.665431112098983
CADPS2,CADPS,FR_negative,False,neither,neither_in_PC9,neither_in_HeLa,-0.101995934274576,0.635806371615438,-0.0577054633137083,0.680604149978303
SLC6A3,SLC6A2,FR_negative,False,neither,neither_in_PC9,neither_in_HeLa,-0.101647729613871,0.500733850951878,0.0106584079562618,0.957951659422019
SFRP5,SFRP1,FR_negative,False,neither,neither_in_PC9,neither_in_HeLa,-0.0991243605093572,0.666441333696052,-0.121839745924037,0.167707802248726
RING1,RNF2,FR_negative,False,neither,neither_in_PC9,neither_in_HeLa,-0.0990967243536072,0.650889873614964,-0.0976134186754398,0.468686070623177
IPO8,IPO7,FR_negative,False,neither,neither_in_PC9,neither_in_HeLa,-0.0986654959677373,0.758641079117611,-0.145569513137737,0.660447689115517
ABCC8,ABCC9,FR_negative,False,neither,neither_in_PC9,neither_in_HeLa,-0.098517073781951,0.68099766706196,0.138405300425077,0.378648184133046
KLF7,KLF6,FR_negative,False,neither,neither_in_PC9,neither_in_HeLa,-0.098381723750873,0.635806371615438,-0.0267841882424925,0.800240802258979
MOGAT2,MOGAT1,FR_negative,False,neither,neither_in_PC9,neither_in_HeLa,-0.0980408224229008,0.716417681229574,-0.0137445474557257,0.908200540030752
SDSL,SDS,FR_negative,False,neither,neither_in_PC9,neither_in_HeLa,-0.0978869695849376,0.670328765731792,-0.045235004384442,0.576612543901859
SOS2,SOS1,FR_negative,True,synthetic_lethal,neither_in_PC9,SL_in_HeLa,-0.0974708853739791,0.750000238520529,-0.929326289043155,0.00155905740962722
GABPB2,GABPB1,FR_negative,True,synthetic_lethal,neither_in_PC9,SL_in_HeLa,-0.0963206422792739,0.714119629755693,-0.519746252287298,0.0288069663788996
HTR1D,HTR1B,FR_negative,False,neither,neither_in_PC9,neither_in_HeLa,-0.0942961121534199,0.735278443552018,-0.0628984400879606,0.576925952472835
CHRNB2,CHRNB4,FR_negative,False,neither,neither_in_PC9,neither_in_HeLa,-0.0932880650254103,0.697806781729485,0.0492416181452163,0.770087867958551
CIB3,CIB2,FR_negative,False,neither,neither_in_PC9,neither_in_HeLa,-0.0927909144260499,0.547616974657323,0.0326766476314414,0.896043625925117
IDI2,IDI1,FR_negative,False,neither,neither_in_PC9,neither_in_HeLa,-0.0927117818854236,0.75571514214567,-0.0562595395446531,0.539170520319889
TLR6,TLR1,FR_negative,False,neither,neither_in_PC9,neither_in_HeLa,-0.0921540281694603,0.681949339269968,-0.364522777080998,0.0463729894372626
CCDC74B,CCDC74A,FR_negative,False,neither,neither_in_PC9,neither_in_HeLa,-0.0920690875466099,0.808346857223001,-0.225953925697346,0.325351950962601
CTPS2,CTPS1,FR_negative,False,neither,neither_in_PC9,neither_in_HeLa,-0.0902628842144757,0.714119629755693,-0.0252616638896756,0.939565667944299
CNOT6L,CNOT6,FR_negative,False,neither,neither_in_PC9,neither_in_HeLa,-0.0902459674948993,0.761814763698231,-0.440387304916946,0.0917220013060675
CHRM4,CHRM2,FR_negative,False,neither,neither_in_PC9,neither_in_HeLa,-0.0900403230932959,0.7665111166254,0.0414390284269762,0.827887148529862
AMELX,AMELY,FR_negative,False,neither,neither_in_PC9,neither_in_HeLa,-0.0894351165679531,0.682335513946875,0.0805148072943921,0.69328496856361
CACNG7,CACNG5,FR_negative,False,neither,neither_in_PC9,neither_in_HeLa,-0.0893250735416541,0.714119629755693,0.268955363285829,0.24715317183668
KHDRBS3,KHDRBS2,FR_negative,False,neither,neither_in_PC9,neither_in_HeLa,-0.0893154260472788,0.666441333696052,0.278802811700936,0.208820277693774
GLS2,GLS,FR_negative,False,neither,neither_in_PC9,neither_in_HeLa,-0.087796231510804,0.813869054972289,-0.438359713452935,0.0846499392454744
NAPB,NAPA,FR_positive,False,buffering,neither_in_PC9,buffering_in_HeLa,-0.0874701887256264,0.791574640419193,0.543138268279852,0.00244231746296761
DSCAML1,DSCAM,FR_negative,False,neither,neither_in_PC9,neither_in_HeLa,-0.0869816166150834,0.614327743824605,-0.00308959256592167,0.960769784696402
CHRFAM7A,CHRNA7,FR_negative,False,neither,neither_in_PC9,neither_in_HeLa,-0.0857923944261912,0.681102177391224,-0.140613085946982,0.377806085440341
ATP6V1B1,ATP6V1B2,FR_negative,False,neither,neither_in_PC9,neither_in_HeLa,-0.084787085565273,0.824283504737409,0.0355022565748885,0.943753412487464
KCNK13,KCNK12,FR_negative,False,neither,neither_in_PC9,neither_in_HeLa,-0.0846670844998196,0.600674515681081,-0.0400311532980941,0.800240802258979
CSAD,GADL1,FR_negative,False,neither,neither_in_PC9,neither_in_HeLa,-0.0843595567647777,0.718752170971682,0.249755763431213,0.310325804540642
RANBP10,RANBP9,FR_negative,False,neither,neither_in_PC9,neither_in_HeLa,-0.08304902458259,0.824102910112081,0.202630591547202,0.332518327881287
TAF9B,TAF9,FR_negative,False,neither,neither_in_PC9,neither_in_HeLa,-0.0822025657379542,0.767584511722897,-0.0328620562848962,0.896343238992563
ARAF,RAF1,FR_negative,False,neither,neither_in_PC9,neither_in_HeLa,-0.0821368231436042,0.731916116563478,0.0923894427344316,0.5820021233887
ARHGEF3,NET1,FR_negative,False,neither,neither_in_PC9,neither_in_HeLa,-0.0810645592964579,0.670328765731792,-0.103908093575028,0.247496400449768
WFIKKN2,WFIKKN1,FR_negative,False,neither,neither_in_PC9,neither_in_HeLa,-0.0801586187479994,0.736913968517474,-3.64130683173646e-05,0.984954094108547
RAB33B,RAB33A,FR_negative,False,neither,neither_in_PC9,neither_in_HeLa,-0.0799409876146486,0.768477209938714,-0.152227363639202,0.231389044122647
SLC25A14,SLC25A30,FR_negative,False,neither,neither_in_PC9,neither_in_HeLa,-0.0789204225152668,0.682589269453393,-0.148366811836431,0.576255564887689
GNPDA2,GNPDA1,FR_negative,False,neither,neither_in_PC9,neither_in_HeLa,-0.0763888249870705,0.703243265844536,0.258685213739381,0.145418623046849
CD200R1L,CD200R1,FR_negative,False,neither,neither_in_PC9,neither_in_HeLa,-0.0763238805752685,0.75328305869486,0.0398691827944331,0.840752526141588
CUL4B,CUL4A,FR_negative,True,synthetic_lethal,neither_in_PC9,SL_in_HeLa,-0.0753074518757057,0.88203940042494,-0.72082884742315,0.0288069663788996
TMED3,TMED7,FR_negative,True,synthetic_lethal,neither_in_PC9,SL_in_HeLa,-0.0748877874232238,0.751865272155377,-0.541970421686557,0.0239464461183069
KCNB2,KCNB1,FR_negative,False,neither,neither_in_PC9,neither_in_HeLa,-0.0744741978559347,0.763863954489665,0.144470837882189,0.189523749047298
CYP11B2,CYP11B1,FR_negative,False,neither,neither_in_PC9,neither_in_HeLa,-0.074380201916597,0.652725089923057,-0.13060809811268,0.363565584276068
SLC1A5,SLC1A4,FR_negative,False,neither,neither_in_PC9,neither_in_HeLa,-0.0736662914646717,0.767584511722897,0.0763294666530908,0.2863186874291
DOCK4,DOCK3,FR_positive,False,buffering,neither_in_PC9,buffering_in_HeLa,-0.0735690039676346,0.88203940042494,0.485188785193253,0.0571507137137977
RAB39B,RAB39A,FR_negative,False,neither,neither_in_PC9,neither_in_HeLa,-0.0734883796913247,0.716417681229574,0.0595973694128179,0.58912915532543
LYZL2,LYZL1,FR_negative,False,neither,neither_in_PC9,neither_in_HeLa,-0.073236844604369,0.735278443552018,-0.151111833246306,0.257817791207905
PHKA2,PHKA1,FR_negative,False,neither,neither_in_PC9,neither_in_HeLa,-0.0731172677868407,0.668914100676863,0.297247405835357,0.193722119654525
KCNH5,KCNH1,FR_negative,False,neither,neither_in_PC9,neither_in_HeLa,-0.0715194212018864,0.826642786326692,-0.284353780971803,0.330976016204642
PRKAB2,PRKAB1,FR_negative,False,neither,neither_in_PC9,neither_in_HeLa,-0.0701797493654681,0.645001311755194,0.0866940763539094,0.495492650326669
P4HA2,P4HA1,FR_negative,False,neither,neither_in_PC9,neither_in_HeLa,-0.0699322386163349,0.858783178816715,-0.199875059448332,0.177961687861698
STX12,STX7,FR_negative,True,synthetic_lethal,neither_in_PC9,SL_in_HeLa,-0.068828672655345,0.840729907898647,-0.539735062912827,0.0357653805788222
HEY2,HEY1,FR_negative,False,neither,neither_in_PC9,neither_in_HeLa,-0.0685924114256456,0.68294760798865,-0.228430129267621,0.236430181930312
NIPSNAP2,NIPSNAP1,FR_negative,False,neither,neither_in_PC9,neither_in_HeLa,-0.0685185962544927,0.735643196306999,-0.123440085451668,0.434945857612717
NOVA2,NOVA1,FR_negative,False,neither,neither_in_PC9,neither_in_HeLa,-0.0680742667007362,0.779554842609553,-0.00951270731841862,0.960769784696402
TBX5,TBX4,FR_negative,False,neither,neither_in_PC9,neither_in_HeLa,-0.0680041410858645,0.813869054972289,-0.0415925653444091,0.827887148529862
PSMB6,PSMB9,FR_negative,True,synthetic_lethal,neither_in_PC9,SL_in_HeLa,-0.0677152389445021,0.768477209938714,-0.539832535525746,0.0834123328667294
FSCN2,FSCN1,FR_negative,False,neither,neither_in_PC9,neither_in_HeLa,-0.0674452700712752,0.600674515681081,-0.288001637510436,0.0664599065893559
DYRK3,DYRK2,FR_negative,False,neither,neither_in_PC9,neither_in_HeLa,-0.0667367688230736,0.767584511722897,-0.110767745636985,0.370123200434612
YBX3,YBX1,FR_negative,False,neither,neither_in_PC9,neither_in_HeLa,-0.0663696394578983,0.696110404739972,-0.227594151255905,0.370123200434612
SLC9B2,SLC9B1,FR_negative,False,neither,neither_in_PC9,neither_in_HeLa,-0.0651477189671329,0.758641079117611,-0.133256801660064,0.283578527885011
ABCD1,ABCD2,FR_negative,False,neither,neither_in_PC9,neither_in_HeLa,-0.0648796963276878,0.703550439590503,0.113190311137065,0.550577870822662
HMGN4,HMGN2,FR_negative,False,neither,neither_in_PC9,neither_in_HeLa,-0.0645892342064037,0.791826701457894,0.1026854254981,0.405498837533829
ADCY5,ADCY6,FR_negative,True,synthetic_lethal,neither_in_PC9,SL_in_HeLa,-0.0640409091362132,0.826291913324493,-0.505576316661208,0.0771275629256564
CACNA2D4,CACNA2D3,FR_negative,False,neither,neither_in_PC9,neither_in_HeLa,-0.0634225661507771,0.767584511722897,-0.0459400134556621,0.619170766518233
ACTRT1,ACTRT2,FR_negative,False,neither,neither_in_PC9,neither_in_HeLa,-0.0633229148889614,0.735278443552018,-0.102563235572284,0.411595028340047
CANX,CLGN,FR_negative,False,neither,neither_in_PC9,neither_in_HeLa,-0.0631603694778649,0.813869054972289,-0.00348027644467907,0.975531650637179
SNCB,SNCA,FR_negative,False,neither,neither_in_PC9,neither_in_HeLa,-0.0622022855876082,0.790717462853105,-0.0652441356642357,0.7056756122285
SCGB2A2,SCGB2A1,FR_negative,False,neither,neither_in_PC9,neither_in_HeLa,-0.0621670093720244,0.779554842609553,0.185137822127476,0.45030824644668
HIGD1C,HIGD1A,FR_negative,False,neither,neither_in_PC9,neither_in_HeLa,-0.0609411271417599,0.896780338491375,0.203301282889622,0.547413002988539
PARVB,PARVA,FR_negative,False,neither,neither_in_PC9,neither_in_HeLa,-0.0601270335207783,0.767584511722897,0.0510934814683367,0.815370000022513
ABL1,ABL2,FR_negative,False,neither,neither_in_PC9,neither_in_HeLa,-0.0596213492575871,0.894732572536993,-0.0545296880048757,0.770087867958551
BRWD3,PHIP,FR_negative,False,neither,neither_in_PC9,neither_in_HeLa,-0.0583085570376716,0.841639108940898,-0.0476544619923027,0.842626399911582
TBX3,TBX2,FR_negative,False,neither,neither_in_PC9,neither_in_HeLa,-0.0581386100716128,0.778455875323405,-0.130042170519559,0.198986351446821
SMURF2,SMURF1,FR_negative,False,neither,neither_in_PC9,neither_in_HeLa,-0.0574776525405192,0.824283504737409,-0.184662109187824,0.326598866991771
PRKCI,PRKCZ,FR_negative,False,neither,neither_in_PC9,neither_in_HeLa,-0.0564707173664006,0.816507688411247,0.077344472602285,0.493267974538274
AIF1,AIF1L,FR_negative,False,neither,neither_in_PC9,neither_in_HeLa,-0.056013460121359,0.824013564444678,-0.256198132004458,0.188484238569255
ESRRG,ESRRA,FR_negative,False,neither,neither_in_PC9,neither_in_HeLa,-0.0556245158534729,0.804843218715973,0.0882990878364861,0.339493394128609
STAMBPL1,STAMBP,FR_negative,False,neither,neither_in_PC9,neither_in_HeLa,-0.0542818069110939,0.919712215213502,-0.136475873198712,0.240484243539992
WNT7B,WNT7A,FR_negative,False,neither,neither_in_PC9,neither_in_HeLa,-0.0534615250703849,0.826642786326692,-0.18045216206032,0.154115777520943
OSBPL8,OSBPL5,FR_negative,False,neither,neither_in_PC9,neither_in_HeLa,-0.0530360659971878,0.824283504737409,0.310243958859388,0.177961687861698
NAT2,NAT1,FR_negative,False,neither,neither_in_PC9,neither_in_HeLa,-0.0523238901584589,0.873596089317181,0.0330355719040656,0.840752526141588
MTHFD2L,MTHFD2,FR_negative,False,neither,neither_in_PC9,neither_in_HeLa,-0.0521496765972211,0.878485589868904,0.0172209428717661,0.893050147711314
CNNM4,CNNM2,FR_negative,False,neither,neither_in_PC9,neither_in_HeLa,-0.0513990119395672,0.793646745857616,0.184172472406618,0.11106986495179
AOC2,AOC3,FR_negative,False,neither,neither_in_PC9,neither_in_HeLa,-0.0466023764450677,0.826642786326692,0.277303640242101,0.408462763085459
KAT2B,KAT2A,FR_negative,False,neither,neither_in_PC9,neither_in_HeLa,-0.0460345348175916,0.896780338491375,-0.35043689071251,0.166477846738477
PHYHIPL,PHYHIP,FR_positive,False,buffering,neither_in_PC9,buffering_in_HeLa,-0.0458744479543694,0.852804374270781,0.313359225004649,0.0970354175151266
SCAMP5,SCAMP4,FR_negative,False,neither,neither_in_PC9,neither_in_HeLa,-0.0451043387480341,0.890324819070324,0.026991591825606,0.889681996799004
LRP1B,LRP1,FR_negative,False,neither,neither_in_PC9,neither_in_HeLa,-0.0447835901158961,0.859119528045418,-0.230588215915911,0.249849289600969
CLCA4,CLCA1,FR_negative,False,neither,neither_in_PC9,neither_in_HeLa,-0.0435221162380745,0.877981572650349,-0.0770835035561272,0.730017580907386
MTNR1B,MTNR1A,FR_negative,False,neither,neither_in_PC9,neither_in_HeLa,-0.0435137350228037,0.779246384051473,-0.210221198511851,0.201564199646236
IFIT3,IFIT2,FR_negative,False,neither,neither_in_PC9,neither_in_HeLa,-0.0432102067598467,0.873596089317181,0.0519944760272886,0.800425474811326
PI15,R3HDML,FR_negative,False,neither,neither_in_PC9,neither_in_HeLa,-0.0429079623942456,0.887460058424707,0.113568952584905,0.686796275796023
SULF2,SULF1,FR_negative,False,neither,neither_in_PC9,neither_in_HeLa,-0.0422425595149209,0.826642786326692,-0.145098920016846,0.10479440366025
FZD6,FZD3,FR_negative,False,neither,neither_in_PC9,neither_in_HeLa,-0.0419814926752494,0.877149005234358,0.0675514410590932,0.759798141530915
SLC22A1,SLC22A2,FR_negative,False,neither,neither_in_PC9,neither_in_HeLa,-0.040886749506752,0.91183075774336,-0.0735718450299891,0.770087867958551
ELANE,PRTN3,FR_negative,False,neither,neither_in_PC9,neither_in_HeLa,-0.0407384357040148,0.788055065856557,-0.125724858595424,0.178836377131123
GMFG,GMFB,FR_negative,False,neither,neither_in_PC9,neither_in_HeLa,-0.0397187195253259,0.905886719167058,0.0198083835782259,0.915751994758567
DYRK1B,DYRK1A,FR_negative,False,neither,neither_in_PC9,neither_in_HeLa,-0.0394248398965856,0.845093579837649,-0.0922516092819826,0.452044526994086
NPTX2,NPTX1,FR_positive,False,buffering,neither_in_PC9,buffering_in_HeLa,-0.0389931511488087,0.890324819070324,0.609670587569551,0.0379995469067131
SNX12,SNX3,FR_negative,False,neither,neither_in_PC9,neither_in_HeLa,-0.0389331434043569,0.898876524811338,-0.0780845468913037,0.574440793676306
CERS3,CERS2,FR_negative,False,neither,neither_in_PC9,neither_in_HeLa,-0.038097736277444,0.852804374270781,-0.0727592632794216,0.754116588410446
SLC6A17,SLC6A15,FR_positive,False,buffering,neither_in_PC9,buffering_in_HeLa,-0.0368930040778793,0.89911367276494,0.432060969281842,0.00373920028510982
ELMO2,ELMO1,FR_negative,False,neither,neither_in_PC9,neither_in_HeLa,-0.0362897908707949,0.910644431938619,-0.067874413305657,0.730017580907386
USP32,USP6,FR_negative,True,synthetic_lethal,neither_in_PC9,SL_in_HeLa,-0.0357839330576993,0.904666367793926,-0.617391183254817,0.028591050685594
SFT2D2,SFT2D1,FR_negative,False,neither,neither_in_PC9,neither_in_HeLa,-0.0349772036214061,0.841639108940898,0.113634534430713,0.686796275796023
SPRR1B,SPRR1A,FR_negative,False,neither,neither_in_PC9,neither_in_HeLa,-0.0337614457405582,0.855884377417091,0.0312185404924221,0.855038126898368
ZFP69B,ZFP69,FR_positive,False,buffering,neither_in_PC9,buffering_in_HeLa,-0.0334808824804539,0.919712215213502,0.405249528601323,0.0273244545035504
TAOK3,TAOK1,FR_negative,False,neither,neither_in_PC9,neither_in_HeLa,-0.0332845407856128,0.931865908099432,-0.38849637491874,0.177961687861698
LMX1B,LMX1A,FR_negative,False,neither,neither_in_PC9,neither_in_HeLa,-0.0326435481878455,0.887460058424707,-0.0609924094947823,0.836457226512285
RASD2,RASD1,FR_negative,False,neither,neither_in_PC9,neither_in_HeLa,-0.0325487952147829,0.896465116421829,-0.229298960968904,0.179338305275631
FAM78B,FAM78A,FR_negative,False,neither,neither_in_PC9,neither_in_HeLa,-0.0321526228252545,0.88203940042494,0.248797868186037,0.0863017269484685
ULK2,ULK1,FR_negative,False,neither,neither_in_PC9,neither_in_HeLa,-0.0320392634526532,0.890324819070324,0.0157457919156784,0.934755726662356
SCGB1C2,SCGB1C1,FR_negative,False,neither,neither_in_PC9,neither_in_HeLa,-0.0318466698218841,0.89911367276494,0.287418313761606,0.176010487340372
ATP8A1,ATP8A2,FR_negative,False,neither,neither_in_PC9,neither_in_HeLa,-0.0312360363328738,0.865928780846502,-0.140670937191403,0.547413002988539
CAND2,CAND1,FR_negative,False,neither,neither_in_PC9,neither_in_HeLa,-0.0296697307631878,0.896780338491375,-0.259839413042758,0.33113278765554
RIT2,RIT1,FR_negative,False,neither,neither_in_PC9,neither_in_HeLa,-0.0289470907303903,0.940889181334354,-0.237982653020751,0.237480889847403
RTP2,RTP1,FR_negative,False,neither,neither_in_PC9,neither_in_HeLa,-0.0287271397695227,0.896465116421829,0.207390703115789,0.177961687861698
ROPN1B,ROPN1,FR_negative,False,neither,neither_in_PC9,neither_in_HeLa,-0.0281344332320469,0.910110441985991,-0.171291466929918,0.363565584276068
SNX1,SNX2,FR_negative,False,neither,neither_in_PC9,neither_in_HeLa,-0.0277456669686682,0.83718399967145,-0.102775590657318,0.578330739191991
LDLRAD4,PMEPA1,FR_negative,False,neither,neither_in_PC9,neither_in_HeLa,-0.0253439556589512,0.896780338491375,0.154020896640647,0.377806085440341
HCRTR2,HCRTR1,FR_negative,False,neither,neither_in_PC9,neither_in_HeLa,-0.0241245138857722,0.896780338491375,0.0240673070071212,0.911606998635539
SIX6,SIX3,FR_negative,False,neither,neither_in_PC9,neither_in_HeLa,-0.0241051899424334,0.925703104019236,-0.166560875410039,0.21373875297546
TMEM55B,TMEM55A,FR_negative,False,neither,neither_in_PC9,neither_in_HeLa,-0.0238694558359313,0.896780338491375,0.0931647792303795,0.658155986281849
SPTLC3,SPTLC2,FR_negative,False,neither,neither_in_PC9,neither_in_HeLa,-0.0224271532137242,0.949646814820275,-0.0460784500177425,0.750507343363582
PAIP2B,PAIP2,FR_negative,False,neither,neither_in_PC9,neither_in_HeLa,-0.0221898202339517,0.896780338491375,0.216123157671203,0.208202819758582
PAFAH1B3,PAFAH1B2,FR_negative,False,neither,neither_in_PC9,neither_in_HeLa,-0.0211184296185178,0.951838219837122,-0.137940152739353,0.360986960341723
BZW2,BZW1,FR_negative,False,neither,neither_in_PC9,neither_in_HeLa,-0.0204551337266956,0.951838219837122,-0.399761785097231,0.0157771171368389
CDH1,CDH3,FR_negative,False,neither,neither_in_PC9,neither_in_HeLa,-0.0202301117552853,0.940889181334354,-0.0244147786574055,0.883161377093026
DDI2,DDI1,FR_negative,False,neither,neither_in_PC9,neither_in_HeLa,-0.0198532503077638,0.95488866991952,0.150391603119172,0.494942600839157
UBALD2,UBALD1,FR_negative,False,neither,neither_in_PC9,neither_in_HeLa,-0.0185873096487259,0.93704904848792,-0.278812200470522,0.237480889847403
FAM49B,FAM49A,FR_negative,False,neither,neither_in_PC9,neither_in_HeLa,-0.0185543000887521,0.940889181334354,-0.00838340760170086,0.964506978602679
MPPED2,MPPED1,FR_negative,False,neither,neither_in_PC9,neither_in_HeLa,-0.0178970748522909,0.920643353242227,0.0434340282822424,0.730017580907386
SLC25A15,SLC25A2,FR_negative,False,neither,neither_in_PC9,neither_in_HeLa,-0.0162749099031163,0.89517733058401,-0.0505080008647518,0.789932931240421
GFPT2,GFPT1,FR_negative,True,synthetic_lethal,neither_in_PC9,SL_in_HeLa,-0.0157892685682954,0.965180961856805,-1.34627669496737,0.0334716379659348
GSPT2,GSPT1,FR_negative,False,neither,neither_in_PC9,neither_in_HeLa,-0.0153435966812678,0.961865949779727,0.209722347237486,0.377806085440341
TSSK2,TSSK1B,FR_negative,False,neither,neither_in_PC9,neither_in_HeLa,-0.0139116260607877,0.945511997812203,-0.0378396976309406,0.761847950600607
NLRP7,NLRP2,FR_negative,False,neither,neither_in_PC9,neither_in_HeLa,-0.0135951631917257,0.949039084191582,0.087208378494327,0.498214011153234
TMEM50B,TMEM50A,FR_negative,False,neither,neither_in_PC9,neither_in_HeLa,-0.0122032934346824,0.956161248507199,0.252919317911488,0.325351950962601
LHX1,LHX5,FR_negative,False,neither,neither_in_PC9,neither_in_HeLa,-0.0121186343959592,0.956161248507199,-0.112469528795341,0.489512681411599
BRSK2,BRSK1,FR_negative,False,neither,neither_in_PC9,neither_in_HeLa,-0.0115513052508893,0.945700567252851,-0.117937822540696,0.262589814486646
ATP9A,ATP9B,FR_negative,False,neither,neither_in_PC9,neither_in_HeLa,-0.0104771789825605,0.956033305680037,-0.243491419822109,0.0463729894372626
MZT2B,MZT2A,FR_negative,False,neither,neither_in_PC9,neither_in_HeLa,-0.00973051867980123,0.973781987324325,0.213055754234569,0.585257825104069
KLHL13,KLHL9,FR_negative,False,neither,neither_in_PC9,neither_in_HeLa,-0.00838365833648948,0.958845916362183,0.0408265000394192,0.778565553162679
PSEN2,PSEN1,FR_negative,False,neither,neither_in_PC9,neither_in_HeLa,-0.00702003141616866,0.979248137970017,-0.21649710990936,0.106009005569686
KCNT2,KCNT1,FR_negative,False,neither,neither_in_PC9,neither_in_HeLa,-0.00694758970133502,0.973995151160622,0.212832955464789,0.0848772618246762
CA11,CA10,FR_negative,False,neither,neither_in_PC9,neither_in_HeLa,-0.00683104661264766,0.977150750344429,0.210052722090788,0.306207657116401
UBTD2,UBTD1,FR_negative,False,neither,neither_in_PC9,neither_in_HeLa,-0.00388188590059068,0.979562238879135,-0.320233730459865,0.0426956131987973
PNPLA7,PNPLA6,FR_negative,False,neither,neither_in_PC9,neither_in_HeLa,-0.0033701702595304,0.97785406574827,-0.095178749519194,0.547413002988539
ZDHHC7,ZDHHC3,FR_negative,False,neither,neither_in_PC9,neither_in_HeLa,-0.00115254156707728,0.992342634802958,-0.191797532515428,0.340727377028285
ETS2,ETS1,FR_negative,False,neither,neither_in_PC9,neither_in_HeLa,-0.00110073134564452,0.992872661801687,-0.0813649244152182,0.576925952472835
ENOX2,ENOX1,FR_negative,False,neither,neither_in_PC9,neither_in_HeLa,-0.000635851578087959,0.994002556004882,0.140242645529038,0.243004041846746
ANO3,ANO4,FR_negative,False,neither,neither_in_PC9,neither_in_HeLa,-0.000568518235407544,0.992872661801687,-0.0776713672404098,0.43786680998684
AADACL3,AADACL4,FR_negative,False,neither,neither_in_PC9,neither_in_HeLa,-0.000281169312975115,0.992872661801687,0.120862217638421,0.433194476219268
COPZ2,COPZ1,FR_negative,False,neither,neither_in_PC9,neither_in_HeLa,0.00158667552967717,0.998060796144645,-0.0491717627845149,0.898332028997735
PRPSAP2,PRPSAP1,FR_negative,False,neither,neither_in_PC9,neither_in_HeLa,0.00416020902307839,0.990830155136424,-0.16622369723117,0.333095169439309
SPRED2,SPRED1,FR_negative,False,neither,neither_in_PC9,neither_in_HeLa,0.00572593396236495,0.988205344191518,-0.179443656837869,0.230777966320165
EZH2,EZH1,FR_negative,False,neither,neither_in_PC9,neither_in_HeLa,0.00603819350947132,0.97785406574827,-0.0415514481260727,0.770087867958551
KLHL2,KLHL3,FR_negative,False,neither,neither_in_PC9,neither_in_HeLa,0.00620637552850114,0.988205344191518,0.0656763368867556,0.737427382463373
ENC1,KLHL25,FR_negative,False,neither,neither_in_PC9,neither_in_HeLa,0.00741702609175304,0.962827605704864,-0.0181362194706575,0.942144096874262
ATP6V0D1,ATP6V0D2,FR_negative,False,neither,neither_in_PC9,neither_in_HeLa,0.00753838839275222,0.988205344191518,-0.546734305286763,0.112126744351162
MYO1B,MYO1A,FR_negative,False,neither,neither_in_PC9,neither_in_HeLa,0.00986790771018444,0.962827605704864,-0.339983705311675,0.193722119654525
DYSF,MYOF,FR_negative,False,neither,neither_in_PC9,neither_in_HeLa,0.0102095265480869,0.961865949779727,-0.00887691708975704,0.943753412487464
NEK7,NEK6,FR_negative,False,neither,neither_in_PC9,neither_in_HeLa,0.010277328903142,0.979248137970017,-0.114181950018732,0.730017580907386
LDB2,LDB1,FR_negative,False,neither,neither_in_PC9,neither_in_HeLa,0.0111642193301191,0.962827605704864,-0.242924552076346,0.325364847894528
GOLT1B,GOLT1A,FR_negative,False,neither,neither_in_PC9,neither_in_HeLa,0.0113776863012669,0.970743566438706,0.0708458732181684,0.809004730069606
ATRN,ATRNL1,FR_negative,False,neither,neither_in_PC9,neither_in_HeLa,0.0114833541763616,0.962371516803873,0.199696560268246,0.237480889847403
GALR3,GALR2,FR_negative,False,neither,neither_in_PC9,neither_in_HeLa,0.0116698443648331,0.951350268881135,-0.0873407438548857,0.747434773381791
MRFAP1L1,MRFAP1,FR_positive,False,buffering,neither_in_PC9,buffering_in_HeLa,0.0129167679987534,0.95534939258497,0.491412588517986,0.0261675251096235
ZNF181,ZNF302,FR_negative,False,neither,neither_in_PC9,neither_in_HeLa,0.0131436497803256,0.956161248507199,0.373691520009705,0.138759394624062
PLPPR5,PLPPR1,FR_negative,False,neither,neither_in_PC9,neither_in_HeLa,0.0132819589854029,0.965180961856805,-0.209602784197279,0.236430181930312
SEC14L5,SEC14L1,FR_negative,False,neither,neither_in_PC9,neither_in_HeLa,0.0134059421195666,0.943524673784291,-0.13902700580519,0.236115622853871
SLC22A12,SLC22A11,FR_negative,False,neither,neither_in_PC9,neither_in_HeLa,0.0135049661765769,0.956033305680037,0.0809648681053581,0.586727142490483
LEFTY2,LEFTY1,FR_negative,False,neither,neither_in_PC9,neither_in_HeLa,0.0138650877195874,0.937423697934206,-0.170005384674966,0.0426956131987973
DLX6,DLX1,FR_negative,False,neither,neither_in_PC9,neither_in_HeLa,0.0146726978946698,0.956033305680037,-0.201273289164966,0.19264955387449
PRSS41,PRSS21,FR_negative,False,neither,neither_in_PC9,neither_in_HeLa,0.0154256775548072,0.940889181334354,0.174082219688568,0.311974107506825
IFFO2,IFFO1,FR_negative,False,neither,neither_in_PC9,neither_in_HeLa,0.0160168804959515,0.919712215213502,0.0869344784618403,0.507421869044939
C1QTNF9B,C1QTNF9,FR_negative,False,neither,neither_in_PC9,neither_in_HeLa,0.0171809246012188,0.91373014826184,-0.225108147591295,0.424095436873549
CDKN2B,CDKN2A,FR_positive,False,buffering,neither_in_PC9,buffering_in_HeLa,0.0172652054631459,0.909908705731012,0.311128170186772,0.00636424852804404
NAA16,NAA15,FR_negative,False,neither,neither_in_PC9,neither_in_HeLa,0.0176488790624358,0.955646632028575,0.0930121975416249,0.593420651955846
SSTR4,SSTR1,FR_negative,False,neither,neither_in_PC9,neither_in_HeLa,0.0184671485325234,0.944265007359386,-0.0788537646288718,0.518650911221546
ROR2,ROR1,FR_negative,False,neither,neither_in_PC9,neither_in_HeLa,0.0214794536697058,0.950875596828848,-0.193704747259516,0.208202819758582
BTBD1,BTBD2,FR_negative,False,neither,neither_in_PC9,neither_in_HeLa,0.0217924154794924,0.950875596828848,-0.020902032139601,0.86510107916124
ADAMTS16,ADAMTS18,FR_negative,False,neither,neither_in_PC9,neither_in_HeLa,0.0229034229730548,0.910110441985991,-0.0311275626669536,0.855038126898368
GFOD2,GFOD1,FR_negative,False,neither,neither_in_PC9,neither_in_HeLa,0.023842806507283,0.950875596828848,-0.279868997288957,0.278085593296668
MAP3K15,MAP3K5,FR_negative,False,neither,neither_in_PC9,neither_in_HeLa,0.0245210079887757,0.925650416351079,-0.273022548570367,0.0466027413827159
SOX6,SOX5,FR_negative,False,neither,neither_in_PC9,neither_in_HeLa,0.0262170357280781,0.89911367276494,-0.0350993268991807,0.855038126898368
PACS2,PACS1,FR_negative,False,neither,neither_in_PC9,neither_in_HeLa,0.0266691892460811,0.869909158987141,0.0897694247695387,0.734309700551849
CHI3L2,CHI3L1,FR_negative,False,neither,neither_in_PC9,neither_in_HeLa,0.0267794996639052,0.910110441985991,-0.000577293048329097,0.984954094108547
SLC43A2,SLC43A1,FR_negative,False,neither,neither_in_PC9,neither_in_HeLa,0.0273963861617961,0.912079283705764,-0.0747718652899495,0.467464648776164
RNASE3,RNASE2,FR_negative,False,neither,neither_in_PC9,neither_in_HeLa,0.0275741207588804,0.910644431938619,0.0838464731474527,0.514359675188347
FAM24B,FAM24A,FR_negative,False,neither,neither_in_PC9,neither_in_HeLa,0.0278128877607499,0.92169445427396,0.28102113395677,0.257817791207905
LMBR1L,LMBR1,FR_negative,False,neither,neither_in_PC9,neither_in_HeLa,0.0285437942986784,0.928281849874917,0.1140454634407,0.421338223388239
AMMECR1,AMMECR1L,FR_negative,False,neither,neither_in_PC9,neither_in_HeLa,0.0287756723730747,0.845854843227197,-0.139076114477707,0.340727377028285
PAPSS2,PAPSS1,FR_negative,False,neither,neither_in_PC9,neither_in_HeLa,0.0311370607090223,0.945362003938006,-0.293608080562016,0.257540090257419
DCC,NEO1,FR_negative,False,neither,neither_in_PC9,neither_in_HeLa,0.0314351431958078,0.919712215213502,-0.0241479366487402,0.911805528363382
ABI1,ABI2,FR_negative,False,neither,neither_in_PC9,neither_in_HeLa,0.0326751251579477,0.940889181334354,-0.160787555485494,0.462959701563501
MMEL1,MME,FR_negative,False,neither,neither_in_PC9,neither_in_HeLa,0.0337089903938715,0.889173447308691,0.128552138760095,0.311974107506825
SALL3,SALL1,FR_negative,False,neither,neither_in_PC9,neither_in_HeLa,0.0342645382305251,0.912079283705764,-0.0134397742690435,0.930309430621327
SFTPA2,SFTPA1,FR_negative,False,neither,neither_in_PC9,neither_in_HeLa,0.0345610442103742,0.945700567252851,0.0670344033039448,0.810106137505489
LMNB2,LMNB1,FR_negative,False,neither,neither_in_PC9,neither_in_HeLa,0.0346031904802294,0.890324819070324,-0.0507862938307012,0.739763023692209
CRABP2,CRABP1,FR_negative,False,neither,neither_in_PC9,neither_in_HeLa,0.0352514566662143,0.883567234529908,0.120519028192587,0.309714580517449
MSC,TCF21,FR_negative,False,neither,neither_in_PC9,neither_in_HeLa,0.0361527428981401,0.758404172219154,-0.0898147224420506,0.538081468294994
SCX,TCF15,FR_negative,False,neither,neither_in_PC9,neither_in_HeLa,0.0362492991959028,0.735278443552018,-0.124018667056284,0.196839565604661
ALDH1L1,ALDH1L2,FR_negative,False,neither,neither_in_PC9,neither_in_HeLa,0.0369097170899606,0.890324819070324,-0.130160221497799,0.375169803681849
UPP2,UPP1,FR_negative,False,neither,neither_in_PC9,neither_in_HeLa,0.037054309227787,0.870332621719174,-0.134118588022228,0.198930113632472
INSIG2,INSIG1,FR_negative,False,neither,neither_in_PC9,neither_in_HeLa,0.038228682968497,0.919712215213502,-0.501097267721488,0.158555997091077
FES,FER,FR_positive,False,buffering,neither_in_PC9,buffering_in_HeLa,0.0385571149006069,0.900766705302308,0.346808985514863,0.0846499392454744
STOML3,STOM,FR_negative,False,neither,neither_in_PC9,neither_in_HeLa,0.0386471561798428,0.883567234529908,0.0303287683507571,0.934755726662356
RAPGEF6,RAPGEF2,FR_negative,False,neither,neither_in_PC9,neither_in_HeLa,0.0387842754237539,0.890324819070324,0.00339592784639158,0.988399872916704
GATA3,GATA2,FR_positive,False,buffering,neither_in_PC9,buffering_in_HeLa,0.0394897821180718,0.885587019293994,0.278600389025932,0.0835009383033198
NETO2,NETO1,FR_negative,False,neither,neither_in_PC9,neither_in_HeLa,0.0410488250345548,0.862889587458318,-0.207037561090343,0.44775662301138
CPLX4,CPLX3,FR_negative,False,neither,neither_in_PC9,neither_in_HeLa,0.0425777566023291,0.885587019293994,-0.256505971622586,0.222084751473866
MAPK8IP3,SPAG9,FR_negative,False,neither,neither_in_PC9,neither_in_HeLa,0.045389324453673,0.824283504737409,-0.256071114780476,0.285319689619152
NCK2,NCK1,FR_negative,False,neither,neither_in_PC9,neither_in_HeLa,0.0467213205715519,0.83718399967145,-0.101164757957273,0.491788562675271
CPLX2,CPLX1,FR_negative,False,neither,neither_in_PC9,neither_in_HeLa,0.0470570551618044,0.823398865661388,-0.179166266596695,0.100952361319393
GRHL2,GRHL1,FR_negative,False,neither,neither_in_PC9,neither_in_HeLa,0.0471732022157523,0.824283504737409,0.198467402578692,0.141602581498876
TMEM63B,TMEM63A,FR_negative,False,neither,neither_in_PC9,neither_in_HeLa,0.0471953611212507,0.6835236024295,-0.104091027512477,0.466251209479558
PSKH2,PSKH1,FR_negative,False,neither,neither_in_PC9,neither_in_HeLa,0.0473001082787287,0.829469392526443,0.191142469622932,0.257540090257419
BTNL8,BTNL3,FR_negative,False,neither,neither_in_PC9,neither_in_HeLa,0.0474950170918805,0.826291913324493,-0.00994674742063911,0.951159086727449
GPC6,GPC4,FR_negative,False,neither,neither_in_PC9,neither_in_HeLa,0.0480277963037866,0.887460058424707,0.166316764154746,0.325351950962601
NTNG2,NTNG1,FR_negative,False,neither,neither_in_PC9,neither_in_HeLa,0.0489667557674748,0.867901328718523,0.112896633608759,0.469266763036373
PRKAR2B,PRKAR2A,FR_negative,False,neither,neither_in_PC9,neither_in_HeLa,0.0513100841494468,0.859119528045418,0.0175339090651373,0.930721246300109
HRASLS2,PLA2G16,FR_negative,False,neither,neither_in_PC9,neither_in_HeLa,0.0530368513029657,0.874303641078834,-0.112513846538404,0.454770970824946
SORCS3,SORCS1,FR_negative,False,neither,neither_in_PC9,neither_in_HeLa,0.0531313369079905,0.859119528045418,-0.0571382918366554,0.619170766518233
SEMA3F,SEMA3C,FR_negative,False,neither,neither_in_PC9,neither_in_HeLa,0.0533307150270518,0.783632249642484,0.183495979136645,0.198930113632472
CALB2,CALB1,FR_positive,False,buffering,neither_in_PC9,buffering_in_HeLa,0.0551888941991463,0.715049992226198,0.277033135837279,0.0514321582459458
RDH12,RDH11,FR_negative,False,neither,neither_in_PC9,neither_in_HeLa,0.0558805768688427,0.735643196306999,0.143523438925626,0.562920376063937
SLC16A3,SLC16A8,FR_negative,False,neither,neither_in_PC9,neither_in_HeLa,0.0565444620413079,0.813869054972289,-0.0491598647191536,0.726523998793116
RAB22A,RAB31,FR_negative,False,neither,neither_in_PC9,neither_in_HeLa,0.059266505743887,0.861876756076394,0.20993386178811,0.249849289600969
WNT9B,WNT9A,FR_positive,False,buffering,neither_in_PC9,buffering_in_HeLa,0.0615524719750211,0.768477209938714,0.362446643042497,0.0146421815729845
SGMS2,SGMS1,FR_negative,False,neither,neither_in_PC9,neither_in_HeLa,0.0615781885659296,0.768477209938714,0.204040206894323,0.278085593296668
SLC7A7,SLC7A6,FR_negative,False,neither,neither_in_PC9,neither_in_HeLa,0.0616379713675483,0.858783178816715,-0.0510774077153698,0.840752526141588
SEC11C,SEC11A,FR_negative,True,synthetic_lethal,neither_in_PC9,SL_in_HeLa,0.0616824045188534,0.813869054972289,-0.814899968171304,0.00763595317721375
TRIM3,TRIM2,FR_negative,False,neither,neither_in_PC9,neither_in_HeLa,0.0624828257056632,0.714119629755693,-0.118285186577754,0.332518327881287
CDK2AP2,CDK2AP1,FR_negative,False,neither,neither_in_PC9,neither_in_HeLa,0.0627681883268676,0.815954919242716,-0.434257591254132,0.0463729894372626
MAOB,MAOA,FR_negative,False,neither,neither_in_PC9,neither_in_HeLa,0.0633140873866674,0.824283504737409,-0.323391287063217,0.0334716379659348
ANXA1,ANXA2,FR_negative,False,neither,neither_in_PC9,neither_in_HeLa,0.0637100710361699,0.746228011052267,0.185496482800191,0.162053658526556
C2CD4B,C2CD4A,FR_negative,False,neither,neither_in_PC9,neither_in_HeLa,0.0638820189731236,0.763863954489665,0.199169364155434,0.146353326461474
PSMB10,PSMB7,FR_negative,False,neither,neither_in_PC9,neither_in_HeLa,0.0649012863124647,0.826642786326692,0.237143847454534,0.824281041986305
ANKRD18A,ANKRD18B,FR_negative,False,neither,neither_in_PC9,neither_in_HeLa,0.0664066666404449,0.763863954489665,0.0148408584670766,0.951159086727449
KBTBD7,KBTBD6,FR_positive,False,buffering,neither_in_PC9,buffering_in_HeLa,0.06889166303423,0.779554842609553,0.332166416067864,0.0302780535804314
DNASE1L2,DNASE1,FR_negative,False,neither,neither_in_PC9,neither_in_HeLa,0.0691140045903356,0.645001311755194,0.0988828533228192,0.585257825104069
VANGL2,VANGL1,FR_negative,False,neither,neither_in_PC9,neither_in_HeLa,0.0706177843912778,0.714119629755693,0.171052124773748,0.0834123328667294
ZC3H12C,ZC3H12B,FR_negative,False,neither,neither_in_PC9,neither_in_HeLa,0.0706917297867012,0.739337560639226,-0.0321155692188108,0.7572923132985
ALOX12,ALOX15,FR_negative,False,neither,neither_in_PC9,neither_in_HeLa,0.0709105776777259,0.703957092646719,-0.11197235799399,0.518650911221546
GSN,SCIN,FR_negative,False,neither,neither_in_PC9,neither_in_HeLa,0.0711431823272208,0.681102177391224,-0.271522972875185,0.112126744351162
PDE8B,PDE8A,FR_negative,False,neither,neither_in_PC9,neither_in_HeLa,0.0711649462479241,0.655896777639279,-0.197282610917315,0.236430181930312
DRD5,DRD1,FR_negative,False,neither,neither_in_PC9,neither_in_HeLa,0.0714103268969169,0.820814930251831,0.0963814608536965,0.705971147554522
NSG2,NSG1,FR_negative,False,neither,neither_in_PC9,neither_in_HeLa,0.072977001729135,0.682335513946875,-0.159420139891205,0.211745996937012
BTBD6,BTBD3,FR_negative,False,neither,neither_in_PC9,neither_in_HeLa,0.074119811369376,0.768477209938714,-0.0195122426160406,0.883161377093026
AGR2,AGR3,FR_negative,False,neither,neither_in_PC9,neither_in_HeLa,0.0758858427900798,0.767584511722897,0.118895392817849,0.650824112601837
GLB1L3,GLB1L2,FR_negative,False,neither,neither_in_PC9,neither_in_HeLa,0.0765569755352636,0.598010226094986,0.11238905681707,0.446899388448877
FLVCR2,FLVCR1,FR_negative,False,neither,neither_in_PC9,neither_in_HeLa,0.0773925771541874,0.767584511722897,-0.345103052685128,0.0400371380368886
FRMD5,FRMD3,FR_negative,False,neither,neither_in_PC9,neither_in_HeLa,0.0788946561462963,0.758404172219154,0.110269579103498,0.607549553652662
C1GALT1C1L,C1GALT1C1,FR_negative,False,neither,neither_in_PC9,neither_in_HeLa,0.0792258867428981,0.735278443552018,0.0128645127282634,0.951159086727449
WNT2B,WNT2,FR_negative,False,neither,neither_in_PC9,neither_in_HeLa,0.0794257093042514,0.715049992226198,-0.137876869777668,0.408369018365552
CYFIP2,CYFIP1,FR_negative,False,neither,neither_in_PC9,neither_in_HeLa,0.0807277993347076,0.769869618284529,-0.181250739931972,0.406637173589391
RASL10B,RASL10A,FR_negative,False,neither,neither_in_PC9,neither_in_HeLa,0.0811047894676395,0.573030905531125,0.0610702320297862,0.768423858898843
BTN2A2,BTN2A1,FR_negative,False,neither,neither_in_PC9,neither_in_HeLa,0.0813088654339274,0.7295704327979,-0.0920777893038534,0.490938878641229
HNF4G,HNF4A,FR_negative,False,neither,neither_in_PC9,neither_in_HeLa,0.0819985650541544,0.751693532964912,0.0738111634078157,0.729026697903909
SLC22A5,SLC22A4,FR_positive,False,buffering,neither_in_PC9,buffering_in_HeLa,0.0821924056970295,0.735643196306999,0.441895428691659,0.00373920028510982
TMEM9B,TMEM9,FR_negative,False,neither,neither_in_PC9,neither_in_HeLa,0.0858025036737018,0.579620884962609,-0.0330766860462056,0.836457226512285
PRRX2,PRRX1,FR_negative,False,neither,neither_in_PC9,neither_in_HeLa,0.0874214204941008,0.714119629755693,-0.078384732524439,0.48021878839608
FAM76B,FAM76A,FR_negative,False,neither,neither_in_PC9,neither_in_HeLa,0.0877657699216742,0.735643196306999,0.00730485880375619,0.960769784696402
RPS6KB2,RPS6KB1,FR_negative,False,neither,neither_in_PC9,neither_in_HeLa,0.0881527736638688,0.632822732944102,-0.178769993741992,0.155634803710605
RALGPS2,RALGPS1,FR_negative,False,neither,neither_in_PC9,neither_in_HeLa,0.0882350617556081,0.735643196306999,-0.0855112388438273,0.625023409333316
DDX60L,DDX60,FR_negative,False,neither,neither_in_PC9,neither_in_HeLa,0.0885705565396029,0.793852808897125,-0.178456663241533,0.629928644805857
PPP2CB,PPP2CA,FR_negative,False,neither,neither_in_PC9,neither_in_HeLa,0.0885885083904524,0.645001311755194,-0.134971789229077,0.365275147827625
PTPN1,PTPN2,FR_negative,False,neither,neither_in_PC9,neither_in_HeLa,0.0889866523883278,0.611707470464671,-0.265831443793486,0.129956083553839
CACNA2D2,CACNA2D1,FR_negative,False,neither,neither_in_PC9,neither_in_HeLa,0.0900199108280863,0.758404172219154,0.0805424730923036,0.696405552505703
PSMA8,PSMA7,FR_negative,False,neither,neither_in_PC9,neither_in_HeLa,0.0911706377352921,0.829469392526443,-0.637779761580282,0.204974899243254
SYK,ZAP70,FR_negative,False,neither,neither_in_PC9,neither_in_HeLa,0.0913381018799714,0.768325600038651,-0.0965081022101255,0.424058651021025
PPP3R2,PPP3R1,FR_negative,False,neither,neither_in_PC9,neither_in_HeLa,0.0916072241839956,0.670328765731792,-0.0424161840886738,0.853080574141266
DYNLT3,DYNLT1,FR_negative,False,neither,neither_in_PC9,neither_in_HeLa,0.0929634965880198,0.762359929753412,-0.272184425636132,0.122119038669539
OTUD7B,OTUD7A,FR_negative,False,neither,neither_in_PC9,neither_in_HeLa,0.0932413979134763,0.683197111837713,-0.00604124910881737,0.951159086727449
SLFN12L,SLFN12,FR_negative,False,neither,neither_in_PC9,neither_in_HeLa,0.0935287813786619,0.686102602228323,-0.129073565985786,0.278842985083944
PDHA2,PDHA1,FR_negative,False,neither,neither_in_PC9,neither_in_HeLa,0.0937108690437991,0.670455103034697,-0.192465497517591,0.454770970824946
PAX7,PAX3,FR_negative,False,neither,neither_in_PC9,neither_in_HeLa,0.0941932852352187,0.574402880812488,0.017354035403854,0.911606998635539
NUCB2,NUCB1,FR_negative,False,neither,neither_in_PC9,neither_in_HeLa,0.0942773416574954,0.735643196306999,-0.0192811062878063,0.856569912778477
CLDN8,CLDN17,FR_negative,False,neither,neither_in_PC9,neither_in_HeLa,0.0951644501933624,0.645001311755194,-0.0222337677462461,0.920898737761705
GCA,SRI,FR_negative,False,neither,neither_in_PC9,neither_in_HeLa,0.0957321864020448,0.554292582451806,-0.0374491736225233,0.85858487396597
ZNF385D,ZNF385B,FR_negative,False,neither,neither_in_PC9,neither_in_HeLa,0.0957379387246555,0.658946991849498,0.15449041186487,0.330976016204642
MPP3,MPP7,FR_negative,False,neither,neither_in_PC9,neither_in_HeLa,0.0980690323554944,0.481644330272611,-0.077087754954239,0.357947030829839
NT5DC3,NT5DC2,FR_negative,False,neither,neither_in_PC9,neither_in_HeLa,0.0981429494727593,0.670328765731792,-0.201629545425676,0.452044526994086
UNC119B,UNC119,FR_negative,False,neither,neither_in_PC9,neither_in_HeLa,0.0995998032305309,0.767584511722897,-0.200533833525059,0.33200525485249
SFMBT2,SFMBT1,FR_negative,False,neither,neither_in_PC9,neither_in_HeLa,0.0996062157356435,0.657869606246586,-0.28117704791479,0.146353326461474
PIK3CD,PIK3CB,FR_negative,False,neither,neither_in_PC9,neither_in_HeLa,0.0996287534027474,0.703957092646719,0.0876762505990851,0.688396630943914
SLC41A2,SLC41A1,FR_negative,False,neither,neither_in_PC9,neither_in_HeLa,0.0998006463597338,0.554292582451806,0.0156732638576,0.934755726662356
RBM38,RBM24,FR_negative,False,neither,neither_in_PC9,neither_in_HeLa,0.102596497556746,0.683197111837713,0.209519809595537,0.454770970824946
DMWD,WDR20,FR_negative,False,neither,neither_in_PC9,neither_in_HeLa,0.104795813886722,0.68294760798865,-0.333493006446096,0.0707423144045133
ST7L,ST7,FR_negative,False,neither,neither_in_PC9,neither_in_HeLa,0.106845973422259,0.74124502936077,0.110583894976411,0.608123400490534
CLCNKB,CLCNKA,FR_negative,False,neither,neither_in_PC9,neither_in_HeLa,0.107448806291068,0.485134671832334,0.0392806387583008,0.679424305466099
UCK2,UCK1,FR_positive,False,buffering,neither_in_PC9,buffering_in_HeLa,0.110113176610966,0.743827422990646,0.443915782207965,0.028591050685594
ITGB5,ITGB3,FR_negative,False,neither,neither_in_PC9,neither_in_HeLa,0.112051159893714,0.493517044577035,0.402783308613916,0.10479440366025
METTL2B,METTL2A,FR_negative,False,neither,neither_in_PC9,neither_in_HeLa,0.113263425402677,0.375224460708927,0.245206358199823,0.237480889847403
MTHFD1L,MTHFD1,FR_negative,False,neither,neither_in_PC9,neither_in_HeLa,0.114997371028171,0.758404172219154,0.153885411033569,0.407177403786141
RBPMS2,RBPMS,FR_negative,False,neither,neither_in_PC9,neither_in_HeLa,0.115761839295873,0.670455103034697,0.293283414249555,0.302523175752597
B4GALT6,B4GALT5,FR_negative,False,neither,neither_in_PC9,neither_in_HeLa,0.11597204986986,0.635806371615438,-0.0248708417759372,0.895564850691816
MPST,TST,FR_negative,False,neither,neither_in_PC9,neither_in_HeLa,0.116875840269557,0.494584466102537,-0.137338897979994,0.329169152587928
SEC61A2,SEC61A1,FR_negative,False,neither,neither_in_PC9,neither_in_HeLa,0.118176913649112,0.826291913324493,-0.184963112992636,0.812416118580615
MGAM,SI,FR_negative,False,neither,neither_in_PC9,neither_in_HeLa,0.118263344023251,0.703901869686195,-0.0094135211254662,0.951076280031597
LLGL2,LLGL1,FR_negative,False,neither,neither_in_PC9,neither_in_HeLa,0.118566996762854,0.36248992548441,0.120823071804545,0.542295400421476
TANC2,TANC1,FR_negative,False,neither,neither_in_PC9,neither_in_HeLa,0.119740157944355,0.611707470464671,-0.186318635544529,0.433914508122726
MYO1D,MYO1G,FR_negative,False,neither,neither_in_PC9,neither_in_HeLa,0.121451842269104,0.731442679868563,-0.148570954738505,0.568815908764114
CTNNB1,JUP,FR_negative,False,neither,neither_in_PC9,neither_in_HeLa,0.122318371119678,0.485134671832334,-0.110577886024986,0.421338223388239
DPY19L2,DPY19L1,FR_negative,False,neither,neither_in_PC9,neither_in_HeLa,0.123716815354922,0.605280372969077,0.182545769210611,0.368734134844852
SYNGR3,SYNGR1,FR_positive,False,buffering,neither_in_PC9,buffering_in_HeLa,0.123764335259887,0.56474827293422,0.320106841379748,0.0146421815729845
DEGS2,DEGS1,FR_negative,False,neither,neither_in_PC9,neither_in_HeLa,0.124208638414525,0.670328765731792,-0.118865267103653,0.562920376063937
KIAA1324L,KIAA1324,FR_negative,False,neither,neither_in_PC9,neither_in_HeLa,0.1262740213267,0.579620884962609,0.0588052502685099,0.63046497535915
MYO1C,MYO1H,FR_negative,False,neither,neither_in_PC9,neither_in_HeLa,0.12638369507456,0.668834625477227,0.231940271471702,0.279835641063226
TRPV6,TRPV5,FR_negative,False,neither,neither_in_PC9,neither_in_HeLa,0.127018493454569,0.687895394092177,0.228319166103337,0.204141004128634
TAS2R40,TAS2R39,FR_negative,False,neither,neither_in_PC9,neither_in_HeLa,0.127440227602069,0.544706968483879,-0.0568411805071394,0.693243137177548
STEAP1B,STEAP1,FR_negative,False,neither,neither_in_PC9,neither_in_HeLa,0.128290833700179,0.594746619982058,0.248968573492357,0.17106747703812
LHX8,LHX6,FR_negative,False,neither,neither_in_PC9,neither_in_HeLa,0.129215933385287,0.396703864278972,-0.0777947701069575,0.578330739191991
PGLYRP4,PGLYRP3,FR_negative,False,neither,neither_in_PC9,neither_in_HeLa,0.129354848857541,0.554292582451806,-0.435775434634562,0.0214309244675239
ADAP1,ADAP2,FR_negative,False,neither,neither_in_PC9,neither_in_HeLa,0.131917874403895,0.758404172219154,0.0437779369535438,0.895564850691816
RNF38,RNF44,FR_negative,False,neither,neither_in_PC9,neither_in_HeLa,0.133251262168216,0.684901942393873,0.0700323242788915,0.716556995708119
SIPA1L2,SIPA1L1,FR_negative,False,neither,neither_in_PC9,neither_in_HeLa,0.13344150694502,0.456700743589456,-0.293164916673623,0.00271429494442594
KDM5D,KDM5C,FR_negative,False,neither,neither_in_PC9,neither_in_HeLa,0.133580911803599,0.539214753588339,0.0314254951052092,0.911606998635539
FAM160B2,FAM160B1,FR_negative,False,neither,neither_in_PC9,neither_in_HeLa,0.135936509518723,0.460218966738808,-0.0988529042343716,0.737427382463373
HOXA7,HOXB7,FR_negative,False,neither,neither_in_PC9,neither_in_HeLa,0.136547608026986,0.554292582451806,0.173111733992633,0.42461214771291
CD209,CLEC4M,FR_negative,False,neither,neither_in_PC9,neither_in_HeLa,0.137154553561032,0.68099766706196,0.177407092970436,0.313575094890335
CNBP,ZCCHC13,FR_negative,False,neither,neither_in_PC9,neither_in_HeLa,0.140071432412196,0.562202315261349,-0.12621661574584,0.262589814486646
PRKCH,PRKCE,FR_negative,False,neither,neither_in_PC9,neither_in_HeLa,0.140225717361905,0.365196823154865,0.0740930971511562,0.606811287559047
ITSN2,ITSN1,FR_negative,False,neither,neither_in_PC9,neither_in_HeLa,0.140839629460528,0.598191669790783,-0.096905439334638,0.622761257038671
NRBP2,NRBP1,FR_negative,False,neither,neither_in_PC9,neither_in_HeLa,0.141516517350685,0.809951786285897,-0.354846096839708,0.287386993745563
RPL3,RPL3L,FR_negative,False,neither,neither_in_PC9,neither_in_HeLa,0.142706206499113,0.614327743824605,0.209659773360708,0.406637173589391
HPRT1,PRTFDC1,FR_negative,False,neither,neither_in_PC9,neither_in_HeLa,0.142940716772783,0.500733850951878,-0.447692032623034,0.0504487446988389
SLC25A18,SLC25A22,FR_negative,False,neither,neither_in_PC9,neither_in_HeLa,0.145109413060255,0.442491374908994,-0.0773888683392721,0.705971147554522
PILRB,PILRA,FR_negative,False,neither,neither_in_PC9,neither_in_HeLa,0.146390759762289,0.466791632019611,-0.099857215574265,0.454770970824946
SPRY2,SPRY1,FR_negative,False,neither,neither_in_PC9,neither_in_HeLa,0.14688059502843,0.319812174157284,-0.194163157290688,0.456442229486592
ABCG1,ABCG4,FR_negative,False,neither,neither_in_PC9,neither_in_HeLa,0.148311075394838,0.429175847041206,-0.00869840565123292,0.928216886566267
GRM1,GRM5,FR_positive,False,buffering,neither_in_PC9,buffering_in_HeLa,0.148623542705326,0.673015951352314,0.447378340477731,0.00853084324728192
SYP,SYNPR,FR_negative,False,neither,neither_in_PC9,neither_in_HeLa,0.148945575436435,0.504468599867344,-0.102008711361362,0.349743503277848
GOLPH3L,GOLPH3,FR_negative,False,neither,neither_in_PC9,neither_in_HeLa,0.149946383540809,0.770908418722882,-0.492300720252905,0.209220397886062
BMP4,BMP2,FR_negative,False,neither,neither_in_PC9,neither_in_HeLa,0.150076007607603,0.586343630851489,0.287169239100953,0.236430181930312
WDR5B,WDR5,FR_negative,False,neither,neither_in_PC9,neither_in_HeLa,0.150182674433538,0.350044442816708,-0.129282585161313,0.510040965628859
PF4V1,PF4,FR_negative,False,neither,neither_in_PC9,neither_in_HeLa,0.152391878500959,0.442491374908994,-0.0129514578305881,0.911606998635539
SMOC2,SMOC1,FR_negative,False,neither,neither_in_PC9,neither_in_HeLa,0.152806479082036,0.446169310792421,0.11301244959041,0.405498837533829
MYO1F,MYO1E,FR_negative,False,neither,neither_in_PC9,neither_in_HeLa,0.154895984223572,0.313615491180015,0.180887075185477,0.167707802248726
KIF4B,KIF4A,FR_positive,False,buffering,neither_in_PC9,buffering_in_HeLa,0.155870615658943,0.666441333696052,0.454013031681772,0.0591673694429273
DGKZ,DGKI,FR_negative,False,neither,neither_in_PC9,neither_in_HeLa,0.156022344700763,0.350044442816708,-0.033853581875631,0.781272388966406
OXCT2,OXCT1,FR_negative,False,neither,neither_in_PC9,neither_in_HeLa,0.156880265514784,0.480276611030704,0.046661914767097,0.809004730069606
PRKAR1B,PRKAR1A,FR_negative,True,synthetic_lethal,neither_in_PC9,SL_in_HeLa,0.157031716203391,0.421111393054053,-0.623684105757971,0.00373920028510982
PGK2,PGK1,FR_negative,False,neither,neither_in_PC9,neither_in_HeLa,0.157368757884701,0.74177782758586,0.0129597631936615,0.942144096874262
TMEM185B,TMEM185A,FR_negative,False,neither,neither_in_PC9,neither_in_HeLa,0.157694167264921,0.431505881934156,0.00110154239376947,0.997253342734625
LANCL2,LANCL1,FR_negative,False,neither,neither_in_PC9,neither_in_HeLa,0.15769794927059,0.714119629755693,0.201226494463816,0.250851625521808
PXDNL,PXDN,FR_negative,False,neither,neither_in_PC9,neither_in_HeLa,0.158113706616083,0.396703864278972,0.0177543302404573,0.934755726662356
RALYL,RALY,FR_negative,False,neither,neither_in_PC9,neither_in_HeLa,0.159694191806189,0.346312642406372,0.0881223705131675,0.400040242084198
B4GALT2,B4GALT1,FR_negative,False,neither,neither_in_PC9,neither_in_HeLa,0.159956901219824,0.456700743589456,-0.0461179582237303,0.730017580907386
AKR7A2,AKR7A3,FR_negative,False,neither,neither_in_PC9,neither_in_HeLa,0.161708339788935,0.161750025308605,-0.0685767378842049,0.394061401786033
NHLH2,NHLH1,FR_negative,False,neither,neither_in_PC9,neither_in_HeLa,0.161998667120681,0.240783738307757,-0.0329868157217504,0.706904154235162
PTPRE,PTPRA,FR_negative,False,neither,neither_in_PC9,neither_in_HeLa,0.162086440472752,0.394901235758546,0.0887200008788921,0.514359675188347
KCTD2,KCTD5,FR_positive,False,buffering,neither_in_PC9,buffering_in_HeLa,0.162101638146518,0.388735106531645,0.257121146518456,0.0629706198607933
ANGPT1,ANGPT2,FR_negative,False,neither,neither_in_PC9,neither_in_HeLa,0.16259402112347,0.611707470464671,0.0723757895145416,0.729780040265873
SAMD9L,SAMD9,FR_negative,False,neither,neither_in_PC9,neither_in_HeLa,0.162751823565676,0.614327743824605,0.130448365734969,0.449652344126625
EMX2,EMX1,FR_negative,False,neither,neither_in_PC9,neither_in_HeLa,0.164642563491196,0.188895857942983,-0.0326379169324947,0.790801877236151
LMO3,LMO1,FR_negative,False,neither,neither_in_PC9,neither_in_HeLa,0.165512362388902,0.430631148268174,0.11285705219317,0.377806085440341
BHMT2,BHMT,FR_negative,False,neither,neither_in_PC9,neither_in_HeLa,0.166806811233675,0.448037560274236,-0.328618936287016,0.316725639111942
AVP,OXT,FR_negative,False,neither,neither_in_PC9,neither_in_HeLa,0.167504891842001,0.307360893510792,0.0249174104063256,0.928216886566267
CRY2,CRY1,FR_negative,False,neither,neither_in_PC9,neither_in_HeLa,0.168310558842224,0.380265760247915,-0.117306109143698,0.586727142490483
MBOAT2,MBOAT1,FR_negative,False,neither,neither_in_PC9,neither_in_HeLa,0.168858026428711,0.500733850951878,0.0214137702221081,0.933091560638182
LGI2,LGI1,FR_negative,False,neither,neither_in_PC9,neither_in_HeLa,0.169869813150283,0.36248992548441,0.176057374070242,0.370123200434612
MFN2,MFN1,FR_negative,True,synthetic_lethal,neither_in_PC9,SL_in_HeLa,0.169899651713903,0.343795951335848,-0.544020117667894,0.0120136337783998
TCAF2,TCAF1,FR_negative,False,neither,neither_in_PC9,neither_in_HeLa,0.170196426966341,0.562202315261349,-0.0621382140582997,0.681654805088647
WNT3A,WNT3,FR_negative,False,neither,neither_in_PC9,neither_in_HeLa,0.170586364278522,0.294953286177707,-0.201096708290486,0.0705421611492169
STK3,STK4,FR_negative,False,neither,neither_in_PC9,neither_in_HeLa,0.171187258281237,0.697806781729485,-0.0683260162827776,0.679424305466099
DGKH,DGKD,FR_negative,False,neither,neither_in_PC9,neither_in_HeLa,0.171460038079432,0.51602698714055,0.0227524405030222,0.913147633689776
RHBDL3,RHBDL1,FR_negative,False,neither,neither_in_PC9,neither_in_HeLa,0.172376464395729,0.307680606109284,-0.0262547454281717,0.83331219828741
TYW1B,TYW1,FR_negative,False,neither,neither_in_PC9,neither_in_HeLa,0.17269024959274,0.612035993706468,-0.10313655854559,0.673254913256158
RHEBL1,RHEB,FR_negative,False,neither,neither_in_PC9,neither_in_HeLa,0.17296327469,0.340360452657008,0.140698791227353,0.660447689115517
CAPNS2,CAPNS1,FR_positive,False,buffering,neither_in_PC9,buffering_in_HeLa,0.173249665460323,0.224919364062398,0.297295127036457,0.0917220013060675
PRICKLE2,PRICKLE1,FR_negative,False,neither,neither_in_PC9,neither_in_HeLa,0.173302328618376,0.301203384383299,-0.123959742159458,0.506580577240794
ARFIP1,ARFIP2,FR_negative,False,neither,neither_in_PC9,neither_in_HeLa,0.173778684723321,0.36248992548441,0.0764601522792883,0.637741187033273
GAD2,GAD1,FR_negative,False,neither,neither_in_PC9,neither_in_HeLa,0.175107604093225,0.405720580636464,-0.181948260266704,0.177961687861698
GPR21,GPR52,FR_negative,False,neither,neither_in_PC9,neither_in_HeLa,0.175442445130445,0.394901235758546,0.144898389607703,0.470879522096978
LRRTM4,LRRTM3,FR_negative,False,neither,neither_in_PC9,neither_in_HeLa,0.177423841182434,0.442491374908994,-0.263452401291897,0.197755178821162
ZCCHC12,ZCCHC18,FR_negative,False,neither,neither_in_PC9,neither_in_HeLa,0.179923906478852,0.208017654912078,0.153132528215123,0.177961687861698
CCNYL1,CCNY,FR_negative,False,neither,neither_in_PC9,neither_in_HeLa,0.180378052354161,0.31690377031748,0.102650203521515,0.492682451266007
GDF11,MSTN,FR_negative,False,neither,neither_in_PC9,neither_in_HeLa,0.180952094390458,0.347022287965822,0.0739809082048956,0.770087867958551
ALAS1,ALAS2,FR_negative,False,neither,neither_in_PC9,neither_in_HeLa,0.181162813263468,0.562202315261349,0.0752282576710027,0.716556995708119
MED12L,MED12,FR_negative,False,neither,neither_in_PC9,neither_in_HeLa,0.182538419580865,0.686102602228323,-0.196783172188209,0.208202819758582
ISL2,ISL1,FR_negative,False,neither,neither_in_PC9,neither_in_HeLa,0.183287032303726,0.231255018120389,0.0452995711735362,0.855951025358941
RHOBTB2,RHOBTB1,FR_negative,False,neither,neither_in_PC9,neither_in_HeLa,0.186923407179648,0.239163202509804,0.00954039008043095,0.950503496293577
FAM120C,FAM120A,FR_negative,False,neither,neither_in_PC9,neither_in_HeLa,0.187133880755975,0.403270725598326,-0.0150261525731653,0.942144096874262
APCS,CRP,FR_negative,False,neither,neither_in_PC9,neither_in_HeLa,0.18818230951397,0.522365672598848,-0.071187870268127,0.601297622351211
APH1A,APH1B,FR_negative,False,neither,neither_in_PC9,neither_in_HeLa,0.188187875760287,0.548131662229768,-0.418640031524803,0.00715457618686465
PPP1R14C,PPP1R14B,FR_negative,False,neither,neither_in_PC9,neither_in_HeLa,0.188640054899576,0.193362425855569,-0.0239016624507705,0.78166459503436
GREM2,GREM1,FR_negative,False,neither,neither_in_PC9,neither_in_HeLa,0.189318467535193,0.386661294651433,0.0139434926974516,0.928216886566267
TOB2,TOB1,FR_negative,False,neither,neither_in_PC9,neither_in_HeLa,0.189340046815656,0.448037560274236,-0.0987257627307297,0.58912915532543
TTC21B,TTC21A,FR_negative,False,neither,neither_in_PC9,neither_in_HeLa,0.189944723147579,0.31800572949813,-0.341178199709004,0.14491202620441
TRIB2,TRIB1,FR_negative,False,neither,neither_in_PC9,neither_in_HeLa,0.190787461624583,0.36248992548441,-0.133864280282113,0.257817791207905
DHFR2,DHFR,FR_negative,False,neither,neither_in_PC9,neither_in_HeLa,0.192030081578747,0.480276611030704,0.4867674214946,0.30043965153503
BOD1L2,BOD1,FR_negative,False,neither,neither_in_PC9,neither_in_HeLa,0.193143812966562,0.161750025308605,-0.00949187395749565,0.939386177073696
SERP2,SERP1,FR_negative,False,neither,neither_in_PC9,neither_in_HeLa,0.193474128059496,0.35819879949224,-0.081544148575631,0.648048419275493
FSTL5,FSTL4,FR_positive,False,buffering,neither_in_PC9,buffering_in_HeLa,0.193575275611476,0.585042006369038,0.404612851800406,0.028591050685594
FCGR1B,FCGR1A,FR_negative,False,neither,neither_in_PC9,neither_in_HeLa,0.193802505355305,0.380265760247915,-0.352193329926564,0.198986351446821
PLCB3,PLCB1,FR_negative,False,neither,neither_in_PC9,neither_in_HeLa,0.194279070726944,0.35819879949224,-0.145564891719651,0.528821138437649
PRKCD,PRKCQ,FR_negative,False,neither,neither_in_PC9,neither_in_HeLa,0.19498531530177,0.213956667839265,-0.122250263110488,0.383584739258304
MKNK2,MKNK1,FR_negative,False,neither,neither_in_PC9,neither_in_HeLa,0.195015791093346,0.460434985544526,0.016500476700548,0.939565667944299
PTPN4,PTPN3,FR_negative,False,neither,neither_in_PC9,neither_in_HeLa,0.195422096769038,0.236288263485817,-0.192771538027612,0.302523175752597
RHOT2,RHOT1,FR_negative,False,neither,neither_in_PC9,neither_in_HeLa,0.196552143105452,0.448037560274236,-0.119193414679777,0.433914508122726
ZNF419,ZNF773,FR_negative,False,neither,neither_in_PC9,neither_in_HeLa,0.196748650220234,0.554292582451806,-0.0418554976561175,0.855038126898368
ATF2,ATF7,FR_negative,False,neither,neither_in_PC9,neither_in_HeLa,0.198837497801739,0.35819879949224,0.159234421448973,0.456442229486592
ANO1,ANO2,FR_negative,False,neither,neither_in_PC9,neither_in_HeLa,0.200942894209069,0.240786248692876,-0.0811051130724421,0.339709233394967
KDM6A,UTY,FR_negative,False,neither,neither_in_PC9,neither_in_HeLa,0.203967701023015,0.347022287965822,0.240013829069632,0.237709112025763
GALNT10,GALNTL6,FR_negative,False,neither,neither_in_PC9,neither_in_HeLa,0.204200342560379,0.400378500234802,-0.0716802797053702,0.717436274139533
STX10,STX6,FR_negative,False,neither,neither_in_PC9,neither_in_HeLa,0.204478450668352,0.294953286177707,-0.0355310046513336,0.826920635072352
NCKAP1L,NCKAP1,FR_negative,False,neither,neither_in_PC9,neither_in_HeLa,0.205230271408245,0.21595612931114,0.0712929164044038,0.770087867958551
SETSIP,SET,FR_positive,False,buffering,neither_in_PC9,buffering_in_HeLa,0.206421504044862,0.357139075467134,0.271641061311532,0.0288069663788996
USP12,USP46,FR_negative,False,neither,neither_in_PC9,neither_in_HeLa,0.208702046680267,0.518403519657341,-0.0658343844874395,0.810106137505489
NAP1L4,NAP1L1,FR_negative,False,neither,neither_in_PC9,neither_in_HeLa,0.210104145715851,0.57057642209985,0.0588596476028779,0.789417756372147
HOXA6,HOXB6,FR_negative,False,neither,neither_in_PC9,neither_in_HeLa,0.210632480342009,0.436518398171928,0.0427932053232599,0.78166459503436
ZYG11B,ZYG11A,FR_negative,False,neither,neither_in_PC9,neither_in_HeLa,0.210698016677227,0.213183516851236,-0.0198861634638835,0.885612839805201
CALCRL,CALCR,FR_negative,False,neither,neither_in_PC9,neither_in_HeLa,0.211136863216179,0.513618445203842,0.129340360687492,0.480648175125941
DUOX2,DUOX1,FR_negative,False,neither,neither_in_PC9,neither_in_HeLa,0.21145379753445,0.456846796866899,0.0799305666513969,0.673254913256158
NTN3,NTN1,FR_negative,False,neither,neither_in_PC9,neither_in_HeLa,0.212159850393024,0.123617788801513,0.35351355353872,0.162710209700941
NPBWR2,NPBWR1,FR_negative,False,neither,neither_in_PC9,neither_in_HeLa,0.213443772773809,0.365196823154865,0.0528824679174787,0.767656227632526
PGM2L1,PGM2,FR_negative,False,neither,neither_in_PC9,neither_in_HeLa,0.215449297080435,0.292956258634036,-0.0591399550181491,0.635740941050166
TSPAN7,TSPAN6,FR_negative,False,neither,neither_in_PC9,neither_in_HeLa,0.216059957035375,0.529290080167259,-0.0240855734797932,0.837420464094393
UTP14C,UTP14A,FR_negative,False,neither,neither_in_PC9,neither_in_HeLa,0.218776329636138,0.164055596227397,-0.0085626378522825,0.951159086727449
SHOX2,SHOX,FR_positive,False,buffering,neither_in_PC9,buffering_in_HeLa,0.219757563218374,0.400836291261171,0.297326058086801,0.0426956131987973
FBXL20,FBXL2,FR_negative,False,neither,neither_in_PC9,neither_in_HeLa,0.221913659799692,0.481318872615252,-0.272586196588762,0.166660714171171
TBX18,TBX15,FR_negative,False,neither,neither_in_PC9,neither_in_HeLa,0.222603424676772,0.482943275591139,-0.272754512921534,0.285511291136249
ABTB2,BTBD11,FR_negative,False,neither,neither_in_PC9,neither_in_HeLa,0.224218416341486,0.21461817454535,-0.269393084424243,0.029516458616709
EFHD2,EFHD1,FR_negative,False,neither,neither_in_PC9,neither_in_HeLa,0.224631210324776,0.191640650215044,0.175952468664755,0.119446901709277
TGIF2LY,TGIF2LX,FR_negative,False,neither,neither_in_PC9,neither_in_HeLa,0.226407502735268,0.273019448507443,0.0290843173138486,0.796894961251551
PDE7B,PDE7A,FR_negative,False,neither,neither_in_PC9,neither_in_HeLa,0.22706438907063,0.240786248692876,-0.0674913089298418,0.691627394054451
GLB1L,GLB1,FR_negative,False,neither,neither_in_PC9,neither_in_HeLa,0.227231249256505,0.381749017504837,-0.12216766050948,0.521714957805916
BTG2,BTG1,FR_negative,False,neither,neither_in_PC9,neither_in_HeLa,0.22804809609028,0.39095991714945,-0.120710218158672,0.502303760735889
FCN2,FCN1,FR_negative,False,neither,neither_in_PC9,neither_in_HeLa,0.228529501448115,0.240786248692876,0.0893734116794079,0.486641446624954
SLC35E2B,SLC35E2,FR_negative,False,neither,neither_in_PC9,neither_in_HeLa,0.228798757745065,0.299291935719394,-0.0765441222071173,0.688191584327471
ZNF146,ZNF260,FR_negative,False,neither,neither_in_PC9,neither_in_HeLa,0.232513225274255,0.229499123513215,0.190412121327834,0.238481805216626
NECAP2,NECAP1,FR_positive,False,buffering,neither_in_PC9,buffering_in_HeLa,0.234664327952688,0.271771293642759,0.326863636027075,0.0834123328667294
PCK2,PCK1,FR_negative,False,neither,neither_in_PC9,neither_in_HeLa,0.234726144477085,0.164055596227397,-0.221200793002679,0.377806085440341
CRYBB3,CRYBB2,FR_negative,False,neither,neither_in_PC9,neither_in_HeLa,0.236679689113054,0.169555886567179,0.0837323099833605,0.335574399126209
ITLN2,ITLN1,FR_negative,False,neither,neither_in_PC9,neither_in_HeLa,0.238103546724108,0.0774265981212294,0.189639016234966,0.144655257374817
SLC2A7,SLC2A5,FR_negative,False,neither,neither_in_PC9,neither_in_HeLa,0.238115859732966,0.172887238405046,0.0174356877143692,0.918812965261739
ADIPOR1,ADIPOR2,FR_negative,False,neither,neither_in_PC9,neither_in_HeLa,0.238953249228516,0.262782669115705,-0.157889289960882,0.19516002775196
DPP9,DPP8,FR_negative,False,neither,neither_in_PC9,neither_in_HeLa,0.240238798201369,0.183349477260435,-0.294483598086672,0.0704513741332156
SAP30L,SAP30,FR_negative,False,neither,neither_in_PC9,neither_in_HeLa,0.240242066283374,0.13762866938861,0.0307751644453437,0.778565553162679
SLC16A1,SLC16A7,FR_negative,False,neither,neither_in_PC9,neither_in_HeLa,0.240898721477722,0.388062857011105,0.340630570663545,0.10479440366025
GAPDHS,GAPDH,FR_negative,False,neither,neither_in_PC9,neither_in_HeLa,0.243010182067657,0.36248992548441,0.103783543674397,0.841926745395752
HSD17B13,HSD17B11,FR_negative,False,neither,neither_in_PC9,neither_in_HeLa,0.24356720299302,0.0879780006506753,0.230350205703672,0.0337947637610909
LRBA,NBEA,FR_negative,False,neither,neither_in_PC9,neither_in_HeLa,0.243858806247029,0.213956667839265,0.0531378542454227,0.757505988134311
ERC2,ERC1,FR_negative,False,neither,neither_in_PC9,neither_in_HeLa,0.244049682517279,0.103448870174258,-0.246366932181642,0.189523749047298
SLC5A8,SLC5A12,FR_positive,False,buffering,neither_in_PC9,buffering_in_HeLa,0.24470971570567,0.0906236015342422,0.366791558945754,0.0253130366652487
DOC2B,DOC2A,FR_negative,False,neither,neither_in_PC9,neither_in_HeLa,0.245348782057573,0.367127577551018,0.185914405222543,0.213876187093044
HTR1F,HTR1E,FR_negative,False,neither,neither_in_PC9,neither_in_HeLa,0.245641308571627,0.520534867714484,-0.087267376052624,0.514359675188347
GYS2,GYS1,FR_negative,False,neither,neither_in_PC9,neither_in_HeLa,0.246119072315063,0.547180130899587,0.127988917105587,0.555706074545203
RPL39L,RPL39,FR_negative,False,neither,neither_in_PC9,neither_in_HeLa,0.249421007409301,0.343795951335848,0.176543263374902,0.400040242084198
LRRN3,LRRN1,FR_negative,False,neither,neither_in_PC9,neither_in_HeLa,0.249436650096598,0.229909649102118,0.144915265211576,0.356999457987831
KCTD15,KCTD1,FR_negative,False,neither,neither_in_PC9,neither_in_HeLa,0.250311614911584,0.186383081240128,0.0534661595683678,0.758973717158163
MDGA2,MDGA1,FR_negative,False,neither,neither_in_PC9,neither_in_HeLa,0.252658539008749,0.262373066197924,0.108830789331335,0.462959701563501
KCNJ11,KCNJ8,FR_positive,False,buffering,buffering_in_PC9,neither_in_HeLa,0.254295986597923,0.0903251792404103,0.132754696695262,0.375483960816291
SIDT2,SIDT1,FR_negative,False,neither,neither_in_PC9,neither_in_HeLa,0.255025605042841,0.21595612931114,-0.207655276790788,0.0463729894372626
DDR2,DDR1,FR_negative,False,neither,neither_in_PC9,neither_in_HeLa,0.255946110200238,0.213956667839265,-0.078484683790023,0.532788330190782
LHX2,LHX9,FR_negative,False,neither,neither_in_PC9,neither_in_HeLa,0.258495655536272,0.294953286177707,-0.257089698210763,0.00271429494442594
UGT3A2,UGT3A1,FR_negative,False,neither,neither_in_PC9,neither_in_HeLa,0.258849517153579,0.395596878290184,0.0830873065530608,0.738226467194986
CDK15,CDK14,FR_negative,False,neither,neither_in_PC9,neither_in_HeLa,0.262988083759084,0.156981598380104,-0.077684509553153,0.654422569536324
A2M,PZP,FR_negative,False,neither,neither_in_PC9,neither_in_HeLa,0.264312561218585,0.13880937463561,-0.154320155933442,0.42461214771291
FARP2,FARP1,FR_positive,False,buffering,buffering_in_PC9,neither_in_HeLa,0.266909473892444,0.0606818822033553,-0.144167706242841,0.104952108616464
CERS6,CERS5,FR_negative,False,neither,neither_in_PC9,neither_in_HeLa,0.267289408610805,0.280597911167917,0.076325781055019,0.754116588410446
SH3BGRL2,SH3BGRL,FR_negative,False,neither,neither_in_PC9,neither_in_HeLa,0.267725766287585,0.180178381001333,0.0117092058837929,0.939386177073696
FEM1C,FEM1A,FR_negative,False,neither,neither_in_PC9,neither_in_HeLa,0.269011969908695,0.352781363148845,0.067339747936559,0.687893783326639
GPX2,GPX1,FR_negative,False,neither,neither_in_PC9,neither_in_HeLa,0.269439351211311,0.31690377031748,-0.18523124150159,0.237480889847403
FAM200B,FAM200A,FR_negative,False,neither,neither_in_PC9,neither_in_HeLa,0.270330496312151,0.429175847041206,0.00997478302201282,0.974004868577215
CHPF2,CHPF,FR_negative,False,neither,neither_in_PC9,neither_in_HeLa,0.272310761003421,0.183349477260435,-0.224922950627117,0.266054836085422
ENTPD7,ENTPD4,FR_positive,False,buffering,buffering_in_PC9,neither_in_HeLa,0.272365328671653,0.0797343270499314,-0.0114730447774247,0.939386177073696
BECN2,BECN1,FR_negative,False,neither,neither_in_PC9,neither_in_HeLa,0.272846628536437,0.410714225816282,-0.157946630948223,0.257817791207905
COL4A6,COL4A2,FR_negative,False,neither,neither_in_PC9,neither_in_HeLa,0.273826383723797,0.330160087701607,-0.126112372721289,0.311974107506825
TRAPPC6B,TRAPPC6A,FR_negative,True,synthetic_lethal,buffering_in_PC9,SL_in_HeLa,0.273882285122998,0.0956123291799985,-0.562914753335301,0.00373920028510982
CRISP3,CRISP2,FR_negative,False,neither,neither_in_PC9,neither_in_HeLa,0.274121351227737,0.139593635808824,0.100592389075342,0.528821138437649
BCL11B,BCL11A,FR_positive,False,buffering,buffering_in_PC9,buffering_in_HeLa,0.276579874153009,0.0142128189945872,0.275900980671544,0.0460296565527878
ATXN3,ATXN3L,FR_negative,False,neither,neither_in_PC9,neither_in_HeLa,0.27667048830729,0.244079558376431,-0.200885466366171,0.310325804540642
TTC30B,TTC30A,FR_negative,False,neither,neither_in_PC9,neither_in_HeLa,0.277881751570162,0.153022644641853,0.347843880005791,0.243004041846746
SPOCK3,SPOCK1,FR_negative,False,neither,neither_in_PC9,neither_in_HeLa,0.278574024321159,0.346312642406372,-0.105280706347553,0.54585452124157
HOOK3,HOOK1,FR_positive,False,buffering,buffering_in_PC9,neither_in_HeLa,0.279615168538529,0.0545788629652888,-0.0993351192703242,0.433914508122726
ERO1B,ERO1A,FR_negative,False,neither,neither_in_PC9,neither_in_HeLa,0.281641495050056,0.264846693311057,0.0200423731583865,0.920898737761705
ARHGAP10,ARHGAP26,FR_negative,False,neither,neither_in_PC9,neither_in_HeLa,0.284789914564819,0.193362425855569,-0.0165034975433261,0.942144096874262
ARFGAP2,ARFGAP3,FR_negative,False,neither,neither_in_PC9,neither_in_HeLa,0.28494760736803,0.226716673352155,0.30243952165418,0.11106986495179
SLC37A2,SLC37A1,FR_positive,False,buffering,buffering_in_PC9,neither_in_HeLa,0.286076550334834,0.0807427288640289,0.0294017946163896,0.636279029553185
RAB26,RAB37,FR_negative,False,neither,neither_in_PC9,neither_in_HeLa,0.288152667879038,0.176988380970379,0.0532663197418389,0.746907060332988
ATP8B1,ATP8B4,FR_negative,False,neither,neither_in_PC9,neither_in_HeLa,0.289736901120902,0.338520492147788,-0.0240045430520115,0.855038126898368
FAM133B,FAM133A,FR_negative,False,neither,neither_in_PC9,neither_in_HeLa,0.289806723497394,0.211899969731178,-0.299537186472822,0.264471154368985
DDX43,DDX53,FR_negative,False,neither,neither_in_PC9,neither_in_HeLa,0.29019054951177,0.295891346705242,0.0536379940815052,0.745610818796955
ASIC1,ASIC2,FR_negative,False,neither,neither_in_PC9,neither_in_HeLa,0.291049925363939,0.126352005172273,0.0290606210076921,0.890254677059541
OBP2B,OBP2A,FR_negative,False,neither,neither_in_PC9,neither_in_HeLa,0.291066232772541,0.144438920510717,0.400371118060584,0.237480889847403
RPRD1B,RPRD1A,FR_negative,False,neither,neither_in_PC9,neither_in_HeLa,0.294238300899825,0.265360979941034,-0.480555685526214,0.17106747703812
FAM47B,FAM47A,FR_positive,False,buffering,buffering_in_PC9,neither_in_HeLa,0.298082486346249,0.0903251792404103,0.0263545996046795,0.855038126898368
SLC6A19,SLC6A18,FR_negative,False,neither,neither_in_PC9,neither_in_HeLa,0.299992194894845,0.13880937463561,0.0260999941099566,0.939565667944299
MSI2,MSI1,FR_negative,False,neither,neither_in_PC9,neither_in_HeLa,0.30257429877917,0.21461817454535,0.0463370313188659,0.781272388966406
PKNOX2,PKNOX1,FR_negative,False,neither,neither_in_PC9,neither_in_HeLa,0.307371248304295,0.139593635808824,-0.115298029290336,0.439839043250995
PTPN14,PTPN21,FR_negative,False,neither,neither_in_PC9,neither_in_HeLa,0.307468372351384,0.186887928549062,0.227089688958056,0.0246338356485969
E2F5,E2F4,FR_negative,False,neither,neither_in_PC9,neither_in_HeLa,0.308936802743727,0.236288263485817,0.225332817736855,0.323928800613562
GSTO2,GSTO1,FR_negative,False,neither,neither_in_PC9,neither_in_HeLa,0.309466309214003,0.271652997413348,-0.0274678438580457,0.915751994758567
LCE3E,LCE3D,FR_negative,False,neither,neither_in_PC9,neither_in_HeLa,0.310356082540961,0.442491374908994,0.153065185329214,0.377806085440341
NUMBL,NUMB,FR_positive,False,buffering,buffering_in_PC9,neither_in_HeLa,0.310709087004525,0.0895650594896148,0.227257589714126,0.144655257374817
STXBP5L,STXBP5,FR_negative,False,neither,neither_in_PC9,neither_in_HeLa,0.311100549843965,0.216657565768558,-0.104135964586602,0.468686070623177
CELF2,CELF1,FR_positive,False,buffering,buffering_in_PC9,neither_in_HeLa,0.311319659149021,0.0665169877399334,0.12604162004755,0.488689619657158
AQP12A,AQP12B,FR_positive,False,buffering,buffering_in_PC9,neither_in_HeLa,0.312067956751344,0.009042223736678,0.104411295846622,0.562758264562851
RASGRF2,RASGRF1,FR_negative,False,neither,neither_in_PC9,neither_in_HeLa,0.312678352217444,0.364151895466134,0.079401110382878,0.745610818796955
TBC1D22B,TBC1D22A,FR_positive,False,buffering,buffering_in_PC9,neither_in_HeLa,0.315286050966764,0.0885146131947055,-0.306692410473071,0.073664641603128
MGAT4B,MGAT4A,FR_negative,False,neither,neither_in_PC9,neither_in_HeLa,0.318985764299519,0.226968451008819,-0.155480927503344,0.371071383115465
DENND6B,DENND6A,FR_negative,False,neither,neither_in_PC9,neither_in_HeLa,0.320123740901328,0.307680606109284,-0.119379945591756,0.55209226065763
IGFL3,IGFL2,FR_negative,False,neither,neither_in_PC9,neither_in_HeLa,0.320737305080758,0.208017654912078,0.0685567316045512,0.730017580907386
CHRNA10,CHRNA9,FR_negative,False,neither,neither_in_PC9,neither_in_HeLa,0.321062222015044,0.260902260757338,-0.125130486542896,0.480648175125941
JAG2,JAG1,FR_negative,False,neither,neither_in_PC9,neither_in_HeLa,0.321963109792873,0.191640650215044,-0.106813777544259,0.474443569429093
FN3KRP,FN3K,FR_negative,False,neither,neither_in_PC9,neither_in_HeLa,0.322683282856616,0.193956454980592,0.067159992729094,0.663703818637663
TSPAN4,TSPAN9,FR_positive,False,buffering,buffering_in_PC9,neither_in_HeLa,0.326725540201988,0.0544802663068899,0.117302294914896,0.418727872496367
YY2,YY1,FR_negative,False,neither,neither_in_PC9,neither_in_HeLa,0.328192455764684,0.248747602214228,-0.0487207109531668,0.795176532743431
KIF3C,KIF3B,FR_positive,False,buffering,buffering_in_PC9,neither_in_HeLa,0.328820507232475,0.0813769946255765,0.0991480468203978,0.660862247969056
COX7B2,COX7B,FR_negative,False,neither,neither_in_PC9,neither_in_HeLa,0.330341620832821,0.37794170366336,0.0896974447331081,0.843815903244551
ALG1L,ALG1L2,FR_negative,False,neither,neither_in_PC9,neither_in_HeLa,0.332128810868449,0.721353826593016,-0.488662765408675,0.468686070623177
TOR1B,TOR1A,FR_negative,False,neither,neither_in_PC9,neither_in_HeLa,0.332554350416448,0.296806462625762,-0.419793479226826,0.0192105932657552
GREB1L,GREB1,FR_positive,False,buffering,buffering_in_PC9,neither_in_HeLa,0.333058978384874,0.0296995238942616,0.198186679687694,0.10479440366025
DPP4,FAP,FR_negative,False,neither,neither_in_PC9,neither_in_HeLa,0.335519461992199,0.151377291177801,-0.120662787463427,0.373113915821648
IL1RAPL2,IL1RAPL1,FR_negative,False,neither,neither_in_PC9,neither_in_HeLa,0.337839752628102,0.194738629555741,-0.151012517659258,0.394061401786033
RGS7,RGS6,FR_negative,False,neither,neither_in_PC9,neither_in_HeLa,0.337950966727269,0.307680606109284,0.251676385431006,0.306207657116401
FBXO25,FBXO32,FR_positive,False,buffering,neither_in_PC9,buffering_in_HeLa,0.340702488338899,0.129905353265095,0.560555413791443,0.0100491529548042
EFR3B,EFR3A,FR_positive,False,buffering,buffering_in_PC9,neither_in_HeLa,0.341253712944463,0.067768280419321,0.0054836209821211,0.965711832394977
BTRC,FBXW11,FR_negative,False,neither,neither_in_PC9,neither_in_HeLa,0.343782271837366,0.460434985544526,-0.472487871898639,0.236430181930312
PRKAA2,PRKAA1,FR_negative,False,neither,neither_in_PC9,neither_in_HeLa,0.34491154324192,0.20437966994299,-0.0864395192543044,0.551016981305533
RGS19,RGS17,FR_negative,False,neither,neither_in_PC9,neither_in_HeLa,0.346149465246231,0.132227082065068,0.079989093822009,0.730017580907386
TRAPPC3L,TRAPPC3,FR_negative,False,neither,neither_in_PC9,neither_in_HeLa,0.347772348587441,0.183646331313001,0.0190434661378782,0.960769784696402
DENND5B,DENND5A,FR_positive,False,buffering,buffering_in_PC9,neither_in_HeLa,0.348004301869148,0.00485864860344608,-0.0997153784068576,0.502303760735889
RAB27B,RAB27A,FR_positive,False,buffering,buffering_in_PC9,neither_in_HeLa,0.349084123488377,0.0762049896640204,0.0623324191210084,0.654497016000009
FAM102B,FAM102A,FR_negative,False,neither,neither_in_PC9,neither_in_HeLa,0.350314055645769,0.240786248692876,-0.0535779397565489,0.795358940064585
L3MBTL2,MBTD1,FR_negative,False,neither,neither_in_PC9,neither_in_HeLa,0.351645779892735,0.316369143192622,0.0477916993110636,0.832305884095854
MTSS1L,MTSS1,FR_positive,False,buffering,buffering_in_PC9,neither_in_HeLa,0.35180461250474,0.0280291785984897,0.0971793175166074,0.587050855710298
EIF4E1B,EIF4E,FR_positive,False,buffering,neither_in_PC9,buffering_in_HeLa,0.351974258874674,0.220928649255106,0.332035305094608,0.028591050685594
NDUFA4L2,NDUFA4,FR_negative,False,neither,neither_in_PC9,neither_in_HeLa,0.352490180671464,0.194738629555741,0.0658033200525287,0.435175493358614
SPTAN1,SPTA1,FR_positive,False,buffering,buffering_in_PC9,neither_in_HeLa,0.354479903743577,0.0875500502074337,-0.0153809476952053,0.920898737761705
MSX2,MSX1,FR_positive,False,buffering,buffering_in_PC9,neither_in_HeLa,0.35492548873517,0.0846608460157326,-0.0126481883711999,0.913147633689776
SEMA5B,SEMA5A,FR_negative,False,neither,neither_in_PC9,neither_in_HeLa,0.360994799384157,0.193362425855569,0.120630022192268,0.357947030829839
HEXB,HEXA,FR_positive,False,buffering,buffering_in_PC9,neither_in_HeLa,0.361334094923052,0.0198553339563296,-0.0224266801509726,0.873235627877283
RAD23B,RAD23A,FR_negative,False,neither,neither_in_PC9,neither_in_HeLa,0.363022424514437,0.225177851782058,-0.24323698513228,0.302523175752597
HSD3B2,HSD3B1,FR_positive,False,buffering,neither_in_PC9,buffering_in_HeLa,0.364485569785704,0.194062410662292,0.309396921592013,0.0239464461183069
MMD2,MMD,FR_positive,False,buffering,buffering_in_PC9,neither_in_HeLa,0.364791933527512,0.0189017669537701,0.0622611752914906,0.841425348610244
OCM2,OCM,FR_positive,False,buffering,buffering_in_PC9,neither_in_HeLa,0.371413867665414,0.0700113403463171,0.25691073345832,0.243004041846746
SOX14,SOX21,FR_positive,False,buffering,buffering_in_PC9,neither_in_HeLa,0.371507182660474,0.0700113403463171,0.0628002830865456,0.730017580907386
TRIM9,TRIM67,FR_positive,False,buffering,neither_in_PC9,buffering_in_HeLa,0.372004096939789,0.15350059404962,0.515013694682481,0.0571507137137977
ESRP2,ESRP1,FR_positive,False,buffering,buffering_in_PC9,neither_in_HeLa,0.373203866342123,0.0700113403463171,-0.00405959655235926,0.97401545205769
LTF,TF,FR_negative,False,neither,neither_in_PC9,neither_in_HeLa,0.375370705794465,0.35819879949224,-0.104748277642831,0.619475606809286
MOAP1,PNMA1,FR_positive,False,buffering,neither_in_PC9,buffering_in_HeLa,0.376039714250212,0.257816820900764,0.3534046789741,0.0529500849010528
TPTE2,TPTE,FR_positive,False,buffering,buffering_in_PC9,neither_in_HeLa,0.380835137777227,0.0359707244431107,0.105563093529935,0.507026053590206
RCBTB2,RCBTB1,FR_positive,False,buffering,buffering_in_PC9,neither_in_HeLa,0.38089203480527,0.0774265981212294,-0.0438009243556151,0.898905233937162
ERLIN2,ERLIN1,FR_negative,False,neither,neither_in_PC9,neither_in_HeLa,0.38891375621089,0.184463666659778,0.0782870110116459,0.774343748783638
GXYLT2,GXYLT1,FR_negative,False,neither,neither_in_PC9,neither_in_HeLa,0.389844890793492,0.172887238405046,-0.415404837413637,0.17106747703812
GALNT1,GALNT13,FR_negative,False,neither,neither_in_PC9,neither_in_HeLa,0.390723306028265,0.216657565768558,0.132180599498882,0.469266763036373
TGFB3,TGFB2,FR_positive,False,buffering,buffering_in_PC9,neither_in_HeLa,0.393106337439348,0.0879780006506753,-0.11106620072703,0.377806085440341
CASQ2,CASQ1,FR_negative,False,neither,neither_in_PC9,neither_in_HeLa,0.393151691566571,0.139593635808824,-0.22855532482759,0.0959455742194411
DIRAS2,DIRAS1,FR_positive,False,buffering,buffering_in_PC9,neither_in_HeLa,0.396825700590886,0.00854149385110398,0.183329675737428,0.249849289600969
MEGF11,MEGF10,FR_positive,False,buffering,buffering_in_PC9,neither_in_HeLa,0.397676511702722,0.0172644113914888,0.0830222932798718,0.687893783326639
RNF121,RNF175,FR_positive,False,buffering,buffering_in_PC9,neither_in_HeLa,0.400313913405018,0.012471385132969,0.051637820988275,0.7056756122285
BCAT2,BCAT1,FR_positive,False,buffering,buffering_in_PC9,neither_in_HeLa,0.409231779160267,0.0200007872791986,-0.00787215344390394,0.942144096874262
MAN2A2,MAN2A1,FR_negative,False,neither,neither_in_PC9,neither_in_HeLa,0.414072611119696,0.125830514388479,-0.073192484513287,0.585257825104069
OGDHL,OGDH,FR_positive,False,buffering,buffering_in_PC9,neither_in_HeLa,0.414584629041443,0.0846608460157326,0.19292164402183,0.127926086890585
FSD1L,FSD1,FR_positive,False,buffering,buffering_in_PC9,neither_in_HeLa,0.415692205031524,0.0943431275449739,-0.0719119684948733,0.781272388966406
CDH2,CDH4,FR_negative,False,neither,neither_in_PC9,neither_in_HeLa,0.42174987793307,0.132592190128507,-0.0254774673991222,0.926218541494506
SLC25A13,SLC25A12,FR_positive,False,buffering,buffering_in_PC9,neither_in_HeLa,0.423471380387492,0.009042223736678,0.0486480813314614,0.654793591234716
ZNF300,ZNF630,FR_negative,False,neither,neither_in_PC9,neither_in_HeLa,0.425565568847321,0.111523866578304,-0.00824899559890265,0.951159086727449
FAM168B,FAM168A,FR_positive,False,buffering,buffering_in_PC9,neither_in_HeLa,0.428135598397887,0.00840760632394137,0.179576837834881,0.188484238569255
FAR2,FAR1,FR_negative,False,neither,neither_in_PC9,neither_in_HeLa,0.436716918861894,0.110909980691515,-0.0262989386161694,0.841425348610244
CBR3,CBR1,FR_positive,False,buffering,buffering_in_PC9,neither_in_HeLa,0.440612697954485,0.0497887517593467,-0.0442091817491434,0.770087867958551
ST8SIA4,ST8SIA2,FR_negative,False,neither,neither_in_PC9,neither_in_HeLa,0.441147569064167,0.338654065087654,0.287672800567543,0.246959053363789
HEATR5B,HEATR5A,FR_negative,False,neither,neither_in_PC9,neither_in_HeLa,0.449322138690849,0.213956667839265,0.107039670452201,0.784674214625672
KIF21B,KIF21A,FR_positive,False,buffering,buffering_in_PC9,neither_in_HeLa,0.449992319067477,0.0110907085208473,-0.0916186886291913,0.730017580907386
RPEL1,RPE,FR_negative,False,neither,neither_in_PC9,neither_in_HeLa,0.45191576760748,0.31690377031748,0.0380105453715011,0.960769784696402
CHP2,CHP1,FR_positive,False,buffering,buffering_in_PC9,neither_in_HeLa,0.463314147119682,0.0647636856770689,-0.252871308392111,0.0393584700592103
SRGAP2C,SRGAP2B,FR_positive,False,buffering,buffering_in_PC9,neither_in_HeLa,0.466631375362609,0.0131364514739187,0.425469075748648,0.177961687861698
DST,MACF1,FR_positive,False,buffering,buffering_in_PC9,neither_in_HeLa,0.467523514036079,0.0522113539123482,-0.235194786261877,0.0956979703954997
FAM9C,FAM9B,FR_negative,False,neither,neither_in_PC9,neither_in_HeLa,0.477204893160328,0.109157893854118,-0.0836642486646661,0.700347907509416
LIN28B,LIN28A,FR_positive,False,buffering,buffering_in_PC9,buffering_in_HeLa,0.478786247326513,0.0286085467107444,0.367119843248283,0.0460296565527878
ARHGEF6,ARHGEF7,FR_negative,False,neither,neither_in_PC9,neither_in_HeLa,0.483418234889984,0.236288263485817,-0.134407368217551,0.488166344758778
IL36G,IL36A,FR_positive,False,buffering,buffering_in_PC9,neither_in_HeLa,0.485132703975619,0.0993232717215812,0.212931312982906,0.237480889847403
ACTA2,ACTG2,FR_positive,False,buffering,buffering_in_PC9,neither_in_HeLa,0.486583980935501,0.0664027683200892,-0.0385528325841813,0.812416118580615
TWF2,TWF1,FR_negative,False,neither,neither_in_PC9,neither_in_HeLa,0.491259290724219,0.183349477260435,-0.378130688470267,0.104491792585005
AK3,AK4,FR_negative,False,neither,neither_in_PC9,neither_in_HeLa,0.499504140352995,0.147051699149722,-0.0229250669827855,0.926559385403665
MAB21L2,MAB21L1,FR_positive,False,buffering,buffering_in_PC9,neither_in_HeLa,0.524445104370165,0.0221689307001366,0.0044686220975386,0.984954094108547
RCAN3,RCAN2,FR_positive,False,buffering,buffering_in_PC9,neither_in_HeLa,0.533429394889911,0.0846608460157326,-0.125960566031383,0.527011565260235
HAND2,HAND1,FR_positive,False,buffering,buffering_in_PC9,neither_in_HeLa,0.534300240768278,0.00469262529607357,-0.0523720586712891,0.649982851299354
ICK,MAK,FR_positive,False,buffering,buffering_in_PC9,neither_in_HeLa,0.534396129119613,0.0896577129161692,0.0358892520455239,0.855038126898368
FRYL,FRY,FR_positive,False,buffering,buffering_in_PC9,neither_in_HeLa,0.545014857709243,0.0280291785984897,-0.137609343520582,0.551262458231494
PDE6H,PDE6G,FR_positive,False,buffering,buffering_in_PC9,neither_in_HeLa,0.54567251686284,0.00290224447068119,-0.0956671324138366,0.619621494716428
SLC25A36,SLC25A33,FR_negative,False,neither,neither_in_PC9,neither_in_HeLa,0.548281874264637,0.161750025308605,-0.00578252623555064,0.957697108334782
FEZF2,FEZF1,FR_positive,False,buffering,buffering_in_PC9,neither_in_HeLa,0.552855365062207,0.00290224447068119,0.180062780387389,0.370123200434612
CAP2,CAP1,FR_positive,False,buffering,buffering_in_PC9,neither_in_HeLa,0.556000828873882,0.00279847666249804,-0.280461554293237,0.332518327881287
DEFB131B,DEFB131A,FR_positive,False,buffering,buffering_in_PC9,neither_in_HeLa,0.556026836794774,0.00684696131060639,-0.127172170500155,0.393077493560587
UQCRHL,UQCRH,FR_positive,False,buffering,buffering_in_PC9,neither_in_HeLa,0.568226841579214,0.0903251792404103,0.046964266732079,0.889681996799004
CASP5,CASP4,FR_positive,False,buffering,buffering_in_PC9,buffering_in_HeLa,0.571597808668965,0.00684696131060639,0.381702409610635,0.0385740579667996
USP13,USP5,FR_positive,False,buffering,buffering_in_PC9,neither_in_HeLa,0.573447731897152,0.0406891780681938,-0.024487995676355,0.939565667944299
BTBD10,KCTD20,FR_positive,False,buffering,buffering_in_PC9,neither_in_HeLa,0.586023929198522,0.00476638670999158,-0.214528769057214,0.251978872533626
CPEB4,CPEB3,FR_positive,False,buffering,buffering_in_PC9,neither_in_HeLa,0.588968772246113,0.0125912332454636,-0.182763361719915,0.0332791875500847
HARS2,HARS,FR_negative,False,neither,neither_in_PC9,neither_in_HeLa,0.611451950100637,0.151905453871138,0.290905006991468,0.408369018365552
SATB2,SATB1,FR_negative,False,neither,neither_in_PC9,neither_in_HeLa,0.612221869290767,0.260918501548825,0.231542673985791,0.164436252228626
CYP26C1,CYP26B1,FR_positive,False,buffering,buffering_in_PC9,neither_in_HeLa,0.622529073632567,0.0345753992147102,0.0407542687768421,0.871500856715614
NIPAL1,NIPA2,FR_positive,False,buffering,buffering_in_PC9,neither_in_HeLa,0.627276096608747,0.0700113403463171,0.0521793967527278,0.673254913256158
NBPF3,NBPF15,FR_negative,False,neither,neither_in_PC9,neither_in_HeLa,0.658132317055433,0.135078324176892,0.566268776197073,0.330976016204642
PDE1B,PDE1A,FR_positive,False,buffering,buffering_in_PC9,neither_in_HeLa,0.665166147569062,0.00434771918329734,-0.145785153050304,0.3994462674697
CYP4Z1,CYP4X1,FR_positive,False,buffering,buffering_in_PC9,neither_in_HeLa,0.682004278626558,0.0611905178077313,-0.0240622874030957,0.853727137165554
ACTL6A,ACTL6B,FR_positive,False,buffering,buffering_in_PC9,neither_in_HeLa,0.728780438457897,0.0296995238942616,-0.388876992424971,0.0334716379659348
CLEC4C,CLEC6A,FR_positive,False,buffering,buffering_in_PC9,neither_in_HeLa,0.748590418085466,0.000488524264108664,0.0699861192939191,0.78967319184277
ZFAND6,ZFAND5,FR_positive,False,buffering,buffering_in_PC9,neither_in_HeLa,0.763221031934121,0.0399088991850201,0.249773619691619,0.107287500797516
METTL7B,METTL7A,FR_positive,False,buffering,buffering_in_PC9,neither_in_HeLa,0.789799895434558,0.0262602768199889,-0.142798147146074,0.42461214771291
PMPCB,UQCRC1,FR_positive,False,buffering,buffering_in_PC9,neither_in_HeLa,0.931334883208372,0.00142486909847364,0.591569772200975,0.188484238569255
